Workbook
Name DevelopersList: Lists!$A$2:$A$50
Name MonthsList: Lists!$B$2:$B$13
Name ProjectsList: Projects!$A$2:$A$50

Sheet Instructions
A1: Yearly Project Plan Template (Sample)
A3: How to use:
A4: 1) Projects sheet: define each project's Start Month and End Month (Jan–Dec). StartIdx/EndIdx/Duration are calculated.
A5: 2) Allocations sheet: add one row per Developer–Project assignment. Choose Developer and Project from dropdowns.
A6: 3) Enter monthly effort as a fraction (0.00 to 1.00). You can only enter effort within the project's active months.
A7: • Outside active months: cell must be blank (validated) and is shaded grey.
A8: 4) Summary sheet: project totals by month + developer utilization by month (cells turn red if utilization is <1 or >1).
A9: Tip: Add more developers on the Lists sheet and more projects on the Projects sheet—dropdowns update automatically.

Sheet Lists
A1: Developers | B1: Months
A2: Dev 1 | B2: Jan
A3: Dev 2 | B3: Feb
A4: Dev 3 | B4: Mar
B5: Apr
B6: May
B7: Jun
B8: Jul
B9: Aug
B10: Sep
B11: Oct
B12: Nov
B13: Dec

Sheet Projects
A1: Project | B1: Start Month | C1: End Month | D1: StartIdx | E1: EndIdx | F1: Duration (months) | G1: Notes
A2: Project A | B2: Jan | C2: Mar | D2: =IFERROR(MATCH(B2,MonthsList,0),"") -> 1 | E2: =IFERROR(MATCH(C2,MonthsList,0),"") -> 3 | F2: =IF(AND(D2<>"",E2<>""),E2-D2+1,"") -> 3 | G2: Example 3-month project
A3: Project B | B3: Jan | C3: May | D3: =IFERROR(MATCH(B3,MonthsList,0),"") -> 1 | E3: =IFERROR(MATCH(C3,MonthsList,0),"") -> 5 | F3: =IF(AND(D3<>"",E3<>""),E3-D3+1,"") -> 5 | G3: Example 5-month project
A4: Project C | B4: Jan | C4: Feb | D4: =IFERROR(MATCH(B4,MonthsList,0),"") -> 1 | E4: =IFERROR(MATCH(C4,MonthsList,0),"") -> 2 | F4: =IF(AND(D4<>"",E4<>""),E4-D4+1,"") -> 2 | G4: Example 2-month project
A5: Project D | B5: Jul | C5: Sep | D5: =IFERROR(MATCH(B2,MonthsList,0),"") -> 1 | E5: =IFERROR(MATCH(C2,MonthsList,0),"") -> 3 | F5: =IF(AND(D2<>"",E2<>""),E2-D2+1,"") -> 3
A6: Project E | B6: Oct | C6: Dec | D6: =IFERROR(MATCH(B2,MonthsList,0),"") -> 1 | E6: =IFERROR(MATCH(C2,MonthsList,0),"") -> 3 | F6: =IF(AND(D2<>"",E2<>""),E2-D2+1,"") -> 3
A7: Project F | B7: Aug | C7: Nov | D7: =IFERROR(MATCH(B2,MonthsList,0),"") -> 1 | E7: =IFERROR(MATCH(C2,MonthsList,0),"") -> 3 | F7: =IF(AND(D2<>"",E2<>""),E2-D2+1,"") -> 3
D8: =IFERROR(MATCH(B8,MonthsList,0),"") | E8: =IFERROR(MATCH(C8,MonthsList,0),"") | F8: =IF(AND(D8<>"",E8<>""),E8-D8+1,"")
D9: =IFERROR(MATCH(B9,MonthsList,0),"") | E9: =IFERROR(MATCH(C9,MonthsList,0),"") | F9: =IF(AND(D9<>"",E9<>""),E9-D9+1,"")
D10: =IFERROR(MATCH(B10,MonthsList,0),"") | E10: =IFERROR(MATCH(C10,MonthsList,0),"") | F10: =IF(AND(D10<>"",E10<>""),E10-D10+1,"")
D11: =IFERROR(MATCH(B11,MonthsList,0),"") | E11: =IFERROR(MATCH(C11,MonthsList,0),"") | F11: =IF(AND(D11<>"",E11<>""),E11-D11+1,"")
D12: =IFERROR(MATCH(B12,MonthsList,0),"") | E12: =IFERROR(MATCH(C12,MonthsList,0),"") | F12: =IF(AND(D12<>"",E12<>""),E12-D12+1,"")
D13: =IFERROR(MATCH(B13,MonthsList,0),"") | E13: =IFERROR(MATCH(C13,MonthsList,0),"") | F13: =IF(AND(D13<>"",E13<>""),E13-D13+1,"")
D14: =IFERROR(MATCH(B14,MonthsList,0),"") | E14: =IFERROR(MATCH(C14,MonthsList,0),"") | F14: =IF(AND(D14<>"",E14<>""),E14-D14+1,"")
D15: =IFERROR(MATCH(B15,MonthsList,0),"") | E15: =IFERROR(MATCH(C15,MonthsList,0),"") | F15: =IF(AND(D15<>"",E15<>""),E15-D15+1,"")
D16: =IFERROR(MATCH(B16,MonthsList,0),"") | E16: =IFERROR(MATCH(C16,MonthsList,0),"") | F16: =IF(AND(D16<>"",E16<>""),E16-D16+1,"")
D17: =IFERROR(MATCH(B17,MonthsList,0),"") | E17: =IFERROR(MATCH(C17,MonthsList,0),"") | F17: =IF(AND(D17<>"",E17<>""),E17-D17+1,"")
D18: =IFERROR(MATCH(B18,MonthsList,0),"") | E18: =IFERROR(MATCH(C18,MonthsList,0),"") | F18: =IF(AND(D18<>"",E18<>""),E18-D18+1,"")
D19: =IFERROR(MATCH(B19,MonthsList,0),"") | E19: =IFERROR(MATCH(C19,MonthsList,0),"") | F19: =IF(AND(D19<>"",E19<>""),E19-D19+1,"")
... D25: =IFERROR(MATCH(B25,MonthsList,0),"") | E25: =IFERROR(MATCH(C25,MonthsList,0),"") | F25: =IF(AND(D25<>"",E25<>""),E25-D25+1,"")

Sheet Allocations
G1: 1 | H1: 2 | I1: 3 | J1: 4 | K1: 5 | L1: 6 | M1: 7 | N1: 8 | O1: 9 | P1: 10 | Q1: 11 | R1: 12
A2: Developer | B2: Project | C2: Start Month | D2: End Month | E2: StartIdx | F2: EndIdx | G2: Jan | H2: Feb | I2: Mar | J2: Apr | K2: May | L2: Jun | M2: Jul | N2: Aug | O2: Sep | P2: Oct | Q2: Nov | R2: Dec
A3: Dev 1 | B3: Project A | C3: =IFERROR(VLOOKUP($B3,Projects!$A$2:$G$50,2,FALSE),"") -> Jan | D3: =IFERROR(VLOOKUP($B3,Projects!$A$2:$G$50,3,FALSE),"") -> Mar | E3: =IFERROR(VLOOKUP($B3,Projects!$A$2:$G$50,4,FALSE),"") -> 1 | F3: =IFERROR(VLOOKUP($B3,Projects!$A$2:$G$50,5,FALSE),"") -> 3 | G3: 0.5 | H3: 0.25 | I3: 0.25
A4: Dev 1 | B4: Project B | C4: =IFERROR(VLOOKUP($B4,Projects!$A$2:$G$50,2,FALSE),"") -> Jan | D4: =IFERROR(VLOOKUP($B4,Projects!$A$2:$G$50,3,FALSE),"") -> May | E4: =IFERROR(VLOOKUP($B4,Projects!$A$2:$G$50,4,FALSE),"") -> 1 | F4: =IFERROR(VLOOKUP($B4,Projects!$A$2:$G$50,5,FALSE),"") -> 5 | G4: 0.25 | H4: 0.25 | I4: 0.25 | J4: 0.5 | K4: 0.5
A5: Dev 2 | B5: Project A | C5: =IFERROR(VLOOKUP($B5,Projects!$A$2:$G$50,2,FALSE),"") -> Jan | D5: =IFERROR(VLOOKUP($B5,Projects!$A$2:$G$50,3,FALSE),"") -> Mar | E5: =IFERROR(VLOOKUP($B5,Projects!$A$2:$G$50,4,FALSE),"") -> 1 | F5: =IFERROR(VLOOKUP($B5,Projects!$A$2:$G$50,5,FALSE),"") -> 3 | H5: 0.5 | I5: 0.5
A6: Dev 2 | B6: Project C | C6: =IFERROR(VLOOKUP($B6,Projects!$A$2:$G$50,2,FALSE),"") -> Jan | D6: =IFERROR(VLOOKUP($B6,Projects!$A$2:$G$50,3,FALSE),"") -> Feb | E6: =IFERROR(VLOOKUP($B6,Projects!$A$2:$G$50,4,FALSE),"") -> 1 | F6: =IFERROR(VLOOKUP($B6,Projects!$A$2:$G$50,5,FALSE),"") -> 2 | G6: 0.5 | H6: 0.5
A7: Dev 1 | B7: Project D | C7: Jul | D7: Sep | E7: =IFERROR(VLOOKUP($B3,Projects!$A$2:$G$50,4,FALSE),"") -> 1 | F7: =IFERROR(VLOOKUP($B3,Projects!$A$2:$G$50,5,FALSE),"") -> 3 | M7: 0.5 | N7: 0.75 | O7: 0.5
A8: Dev 1 | B8: Project F | C8: Aug | D8: Nov | E8: =IFERROR(VLOOKUP($B3,Projects!$A$2:$G$50,4,FALSE),"") -> 1 | F8: =IFERROR(VLOOKUP($B3,Projects!$A$2:$G$50,5,FALSE),"") -> 3 | N8: 0.5 | O8: 0.5 | P8: 0.25 | Q8: 0.5
A9: Dev 2 | B9: Project E | C9: Oct | D9: Dec | E9: =IFERROR(VLOOKUP($B3,Projects!$A$2:$G$50,4,FALSE),"") -> 1 | F9: =IFERROR(VLOOKUP($B3,Projects!$A$2:$G$50,5,FALSE),"") -> 3 | P9: 0.75 | Q9: 0.5 | R9: 1
A10: Dev 2 | B10: Project F | C10: Aug | D10: Nov | E10: =IFERROR(VLOOKUP($B3,Projects!$A$2:$G$50,4,FALSE),"") -> 1 | F10: =IFERROR(VLOOKUP($B3,Projects!$A$2:$G$50,5,FALSE),"") -> 3 | N10: 0.25 | O10: 0.25 | P10: 0.5 | Q10: 0.75
C11: =IFERROR(VLOOKUP($B11,Projects!$A$2:$G$50,2,FALSE),"") | D11: =IFERROR(VLOOKUP($B11,Projects!$A$2:$G$50,3,FALSE),"") | E11: =IFERROR(VLOOKUP($B11,Projects!$A$2:$G$50,4,FALSE),"") | F11: =IFERROR(VLOOKUP($B11,Projects!$A$2:$G$50,5,FALSE),"")
C12: =IFERROR(VLOOKUP($B12,Projects!$A$2:$G$50,2,FALSE),"") | D12: =IFERROR(VLOOKUP($B12,Projects!$A$2:$G$50,3,FALSE),"") | E12: =IFERROR(VLOOKUP($B12,Projects!$A$2:$G$50,4,FALSE),"") | F12: =IFERROR(VLOOKUP($B12,Projects!$A$2:$G$50,5,FALSE),"")
C13: =IFERROR(VLOOKUP($B13,Projects!$A$2:$G$50,2,FALSE),"") | D13: =IFERROR(VLOOKUP($B13,Projects!$A$2:$G$50,3,FALSE),"") | E13: =IFERROR(VLOOKUP($B13,Projects!$A$2:$G$50,4,FALSE),"") | F13: =IFERROR(VLOOKUP($B13,Projects!$A$2:$G$50,5,FALSE),"")
C14: =IFERROR(VLOOKUP($B14,Projects!$A$2:$G$50,2,FALSE),"") | D14: =IFERROR(VLOOKUP($B14,Projects!$A$2:$G$50,3,FALSE),"") | E14: =IFERROR(VLOOKUP($B14,Projects!$A$2:$G$50,4,FALSE),"") | F14: =IFERROR(VLOOKUP($B14,Projects!$A$2:$G$50,5,FALSE),"")
C15: =IFERROR(VLOOKUP($B15,Projects!$A$2:$G$50,2,FALSE),"") | D15: =IFERROR(VLOOKUP($B15,Projects!$A$2:$G$50,3,FALSE),"") | E15: =IFERROR(VLOOKUP($B15,Projects!$A$2:$G$50,4,FALSE),"") | F15: =IFERROR(VLOOKUP($B15,Projects!$A$2:$G$50,5,FALSE),"")
C16: =IFERROR(VLOOKUP($B16,Projects!$A$2:$G$50,2,FALSE),"") | D16: =IFERROR(VLOOKUP($B16,Projects!$A$2:$G$50,3,FALSE),"") | E16: =IFERROR(VLOOKUP($B16,Projects!$A$2:$G$50,4,FALSE),"") | F16: =IFERROR(VLOOKUP($B16,Projects!$A$2:$G$50,5,FALSE),"")
C17: =IFERROR(VLOOKUP($B17,Projects!$A$2:$G$50,2,FALSE),"") | D17: =IFERROR(VLOOKUP($B17,Projects!$A$2:$G$50,3,FALSE),"") | E17: =IFERROR(VLOOKUP($B17,Projects!$A$2:$G$50,4,FALSE),"") | F17: =IFERROR(VLOOKUP($B17,Projects!$A$2:$G$50,5,FALSE),"")
C18: =IFERROR(VLOOKUP($B18,Projects!$A$2:$G$50,2,FALSE),"") | D18: =IFERROR(VLOOKUP($B18,Projects!$A$2:$G$50,3,FALSE),"") | E18: =IFERROR(VLOOKUP($B18,Projects!$A$2:$G$50,4,FALSE),"") | F18: =IFERROR(VLOOKUP($B18,Projects!$A$2:$G$50,5,FALSE),"")
C19: =IFERROR(VLOOKUP($B19,Projects!$A$2:$G$50,2,FALSE),"") | D19: =IFERROR(VLOOKUP($B19,Projects!$A$2:$G$50,3,FALSE),"") | E19: =IFERROR(VLOOKUP($B19,Projects!$A$2:$G$50,4,FALSE),"") | F19: =IFERROR(VLOOKUP($B19,Projects!$A$2:$G$50,5,FALSE),"")
C20: =IFERROR(VLOOKUP($B20,Projects!$A$2:$G$50,2,FALSE),"") | D20: =IFERROR(VLOOKUP($B20,Projects!$A$2:$G$50,3,FALSE),"") | E20: =IFERROR(VLOOKUP($B20,Projects!$A$2:$G$50,4,FALSE),"") | F20: =IFERROR(VLOOKUP($B20,Projects!$A$2:$G$50,5,FALSE),"")
C21: =IFERROR(VLOOKUP($B21,Projects!$A$2:$G$50,2,FALSE),"") | D21: =IFERROR(VLOOKUP($B21,Projects!$A$2:$G$50,3,FALSE),"") | E21: =IFERROR(VLOOKUP($B21,Projects!$A$2:$G$50,4,FALSE),"") | F21: =IFERROR(VLOOKUP($B21,Projects!$A$2:$G$50,5,FALSE),"")
C22: =IFERROR(VLOOKUP($B22,Projects!$A$2:$G$50,2,FALSE),"") | D22: =IFERROR(VLOOKUP($B22,Projects!$A$2:$G$50,3,FALSE),"") | E22: =IFERROR(VLOOKUP($B22,Projects!$A$2:$G$50,4,FALSE),"") | F22: =IFERROR(VLOOKUP($B22,Projects!$A$2:$G$50,5,FALSE),"")
... C52: =IFERROR(VLOOKUP($B52,Projects!$A$2:$G$50,2,FALSE),"") | D52: =IFERROR(VLOOKUP($B52,Projects!$A$2:$G$50,3,FALSE),"") | E52: =IFERROR(VLOOKUP($B52,Projects!$A$2:$G$50,4,FALSE),"") | F52: =IFERROR(VLOOKUP($B52,Projects!$A$2:$G$50,5,FALSE),"")

Sheet Summary
A1: Project summary (effort by month)
A3: Project | B3: Jan | C3: Feb | D3: Mar | E3: Apr | F3: May | G3: Jun | H3: Jul | I3: Aug | J3: Sep | K3: Oct | L3: Nov | M3: Dec
A4: =IF(Projects!A2="","",Projects!A2) -> Project A | B4: =IF($A4="","",SUMIFS(Allocations!G3:G200,Allocations!$B3:$B200,$A4)) -> 0.5 | C4: =IF($A4="","",SUMIFS(Allocations!H3:H200,Allocations!$B3:$B200,$A4)) -> 0.75 | D4: =IF($A4="","",SUMIFS(Allocations!I3:I200,Allocations!$B3:$B200,$A4)) -> 0.75 | E4: =IF($A4="","",SUMIFS(Allocations!J3:J200,Allocations!$B3:$B200,$A4)) -> 0 | F4: =IF($A4="","",SUMIFS(Allocations!K3:K200,Allocations!$B3:$B200,$A4)) -> 0 | G4: =IF($A4="","",SUMIFS(Allocations!L3:L200,Allocations!$B3:$B200,$A4)) -> 0 | H4: =IF($A4="","",SUMIFS(Allocations!M3:M200,Allocations!$B3:$B200,$A4)) -> 0 | I4: =IF($A4="","",SUMIFS(Allocations!N3:N200,Allocations!$B3:$B200,$A4)) -> 0 | ... M4: =IF($A4="","",SUMIFS(Allocations!R3:R200,Allocations!$B3:$B200,$A4)) -> 0
A5: =IF(Projects!A3="","",Projects!A3) -> Project B | B5: =IF($A5="","",SUMIFS(Allocations!G3:G200,Allocations!$B3:$B200,$A5)) -> 0.25 | C5: =IF($A5="","",SUMIFS(Allocations!H3:H200,Allocations!$B3:$B200,$A5)) -> 0.25 | D5: =IF($A5="","",SUMIFS(Allocations!I3:I200,Allocations!$B3:$B200,$A5)) -> 0.25 | E5: =IF($A5="","",SUMIFS(Allocations!J3:J200,Allocations!$B3:$B200,$A5)) -> 0.5 | F5: =IF($A5="","",SUMIFS(Allocations!K3:K200,Allocations!$B3:$B200,$A5)) -> 0.5 | G5: =IF($A5="","",SUMIFS(Allocations!L3:L200,Allocations!$B3:$B200,$A5)) -> 0 | H5: =IF($A5="","",SUMIFS(Allocations!M3:M200,Allocations!$B3:$B200,$A5)) -> 0 | I5: =IF($A5="","",SUMIFS(Allocations!N3:N200,Allocations!$B3:$B200,$A5)) -> 0 | ... M5: =IF($A5="","",SUMIFS(Allocations!R3:R200,Allocations!$B3:$B200,$A5)) -> 0
A6: =IF(Projects!A4="","",Projects!A4) -> Project C | B6: =IF($A6="","",SUMIFS(Allocations!G3:G200,Allocations!$B3:$B200,$A6)) -> 0.5 | C6: =IF($A6="","",SUMIFS(Allocations!H3:H200,Allocations!$B3:$B200,$A6)) -> 0.5 | D6: =IF($A6="","",SUMIFS(Allocations!I3:I200,Allocations!$B3:$B200,$A6)) -> 0 | E6: =IF($A6="","",SUMIFS(Allocations!J3:J200,Allocations!$B3:$B200,$A6)) -> 0 | F6: =IF($A6="","",SUMIFS(Allocations!K3:K200,Allocations!$B3:$B200,$A6)) -> 0 | G6: =IF($A6="","",SUMIFS(Allocations!L3:L200,Allocations!$B3:$B200,$A6)) -> 0 | H6: =IF($A6="","",SUMIFS(Allocations!M3:M200,Allocations!$B3:$B200,$A6)) -> 0 | I6: =IF($A6="","",SUMIFS(Allocations!N3:N200,Allocations!$B3:$B200,$A6)) -> 0 | ... M6: =IF($A6="","",SUMIFS(Allocations!R3:R200,Allocations!$B3:$B200,$A6)) -> 0
A7: =IF(Projects!A5="","",Projects!A5) -> Project D | B7: =IF($A7="","",SUMIFS(Allocations!G3:G200,Allocations!$B3:$B200,$A7)) -> 0 | C7: =IF($A7="","",SUMIFS(Allocations!H3:H200,Allocations!$B3:$B200,$A7)) -> 0 | D7: =IF($A7="","",SUMIFS(Allocations!I3:I200,Allocations!$B3:$B200,$A7)) -> 0 | E7: =IF($A7="","",SUMIFS(Allocations!J3:J200,Allocations!$B3:$B200,$A7)) -> 0 | F7: =IF($A7="","",SUMIFS(Allocations!K3:K200,Allocations!$B3:$B200,$A7)) -> 0 | G7: =IF($A7="","",SUMIFS(Allocations!L3:L200,Allocations!$B3:$B200,$A7)) -> 0 | H7: =IF($A7="","",SUMIFS(Allocations!M3:M200,Allocations!$B3:$B200,$A7)) -> 0.5 | I7: =IF($A7="","",SUMIFS(Allocations!N3:N200,Allocations!$B3:$B200,$A7)) -> 0.75 | ... M7: =IF($A7="","",SUMIFS(Allocations!R3:R200,Allocations!$B3:$B200,$A7)) -> 0
A8: =IF(Projects!A6="","",Projects!A6) -> Project E | B8: =IF($A8="","",SUMIFS(Allocations!G3:G200,Allocations!$B3:$B200,$A8)) -> 0 | C8: =IF($A8="","",SUMIFS(Allocations!H3:H200,Allocations!$B3:$B200,$A8)) -> 0 | D8: =IF($A8="","",SUMIFS(Allocations!I3:I200,Allocations!$B3:$B200,$A8)) -> 0 | E8: =IF($A8="","",SUMIFS(Allocations!J3:J200,Allocations!$B3:$B200,$A8)) -> 0 | F8: =IF($A8="","",SUMIFS(Allocations!K3:K200,Allocations!$B3:$B200,$A8)) -> 0 | G8: =IF($A8="","",SUMIFS(Allocations!L3:L200,Allocations!$B3:$B200,$A8)) -> 0 | H8: =IF($A8="","",SUMIFS(Allocations!M3:M200,Allocations!$B3:$B200,$A8)) -> 0 | I8: =IF($A8="","",SUMIFS(Allocations!N3:N200,Allocations!$B3:$B200,$A8)) -> 0 | ... M8: =IF($A8="","",SUMIFS(Allocations!R3:R200,Allocations!$B3:$B200,$A8)) -> 1
A9: =IF(Projects!A7="","",Projects!A7) -> Project F | B9: =IF($A9="","",SUMIFS(Allocations!G3:G200,Allocations!$B3:$B200,$A9)) -> 0 | C9: =IF($A9="","",SUMIFS(Allocations!H3:H200,Allocations!$B3:$B200,$A9)) -> 0 | D9: =IF($A9="","",SUMIFS(Allocations!I3:I200,Allocations!$B3:$B200,$A9)) -> 0 | E9: =IF($A9="","",SUMIFS(Allocations!J3:J200,Allocations!$B3:$B200,$A9)) -> 0 | F9: =IF($A9="","",SUMIFS(Allocations!K3:K200,Allocations!$B3:$B200,$A9)) -> 0 | G9: =IF($A9="","",SUMIFS(Allocations!L3:L200,Allocations!$B3:$B200,$A9)) -> 0 | H9: =IF($A9="","",SUMIFS(Allocations!M3:M200,Allocations!$B3:$B200,$A9)) -> 0 | I9: =IF($A9="","",SUMIFS(Allocations!N3:N200,Allocations!$B3:$B200,$A9)) -> 0.75 | ... M9: =IF($A9="","",SUMIFS(Allocations!R3:R200,Allocations!$B3:$B200,$A9)) -> 0
A10: =IF(Projects!A8="","",Projects!A8) | B10: =IF($A10="","",SUMIFS(Allocations!G3:G200,Allocations!$B3:$B200,$A10)) | C10: =IF($A10="","",SUMIFS(Allocations!H3:H200,Allocations!$B3:$B200,$A10)) | D10: =IF($A10="","",SUMIFS(Allocations!I3:I200,Allocations!$B3:$B200,$A10)) | E10: =IF($A10="","",SUMIFS(Allocations!J3:J200,Allocations!$B3:$B200,$A10)) | F10: =IF($A10="","",SUMIFS(Allocations!K3:K200,Allocations!$B3:$B200,$A10)) | G10: =IF($A10="","",SUMIFS(Allocations!L3:L200,Allocations!$B3:$B200,$A10)) | H10: =IF($A10="","",SUMIFS(Allocations!M3:M200,Allocations!$B3:$B200,$A10)) | I10: =IF($A10="","",SUMIFS(Allocations!N3:N200,Allocations!$B3:$B200,$A10)) | ... M10: =IF($A10="","",SUMIFS(Allocations!R3:R200,Allocations!$B3:$B200,$A10))
A11: =IF(Projects!A9="","",Projects!A9) | B11: =IF($A11="","",SUMIFS(Allocations!G3:G200,Allocations!$B3:$B200,$A11)) | C11: =IF($A11="","",SUMIFS(Allocations!H3:H200,Allocations!$B3:$B200,$A11)) | D11: =IF($A11="","",SUMIFS(Allocations!I3:I200,Allocations!$B3:$B200,$A11)) | E11: =IF($A11="","",SUMIFS(Allocations!J3:J200,Allocations!$B3:$B200,$A11)) | F11: =IF($A11="","",SUMIFS(Allocations!K3:K200,Allocations!$B3:$B200,$A11)) | G11: =IF($A11="","",SUMIFS(Allocations!L3:L200,Allocations!$B3:$B200,$A11)) | H11: =IF($A11="","",SUMIFS(Allocations!M3:M200,Allocations!$B3:$B200,$A11)) | I11: =IF($A11="","",SUMIFS(Allocations!N3:N200,Allocations!$B3:$B200,$A11)) | ... M11: =IF($A11="","",SUMIFS(Allocations!R3:R200,Allocations!$B3:$B200,$A11))
A12: =IF(Projects!A10="","",Projects!A10) | B12: =IF($A12="","",SUMIFS(Allocations!G3:G200,Allocations!$B3:$B200,$A12)) | C12: =IF($A12="","",SUMIFS(Allocations!H3:H200,Allocations!$B3:$B200,$A12)) | D12: =IF($A12="","",SUMIFS(Allocations!I3:I200,Allocations!$B3:$B200,$A12)) | E12: =IF($A12="","",SUMIFS(Allocations!J3:J200,Allocations!$B3:$B200,$A12)) | F12: =IF($A12="","",SUMIFS(Allocations!K3:K200,Allocations!$B3:$B200,$A12)) | G12: =IF($A12="","",SUMIFS(Allocations!L3:L200,Allocations!$B3:$B200,$A12)) | H12: =IF($A12="","",SUMIFS(Allocations!M3:M200,Allocations!$B3:$B200,$A12)) | I12: =IF($A12="","",SUMIFS(Allocations!N3:N200,Allocations!$B3:$B200,$A12)) | ... M12: =IF($A12="","",SUMIFS(Allocations!R3:R200,Allocations!$B3:$B200,$A12))
A13: =IF(Projects!A11="","",Projects!A11) | B13: =IF($A13="","",SUMIFS(Allocations!G3:G200,Allocations!$B3:$B200,$A13)) | C13: =IF($A13="","",SUMIFS(Allocations!H3:H200,Allocations!$B3:$B200,$A13)) | D13: =IF($A13="","",SUMIFS(Allocations!I3:I200,Allocations!$B3:$B200,$A13)) | E13: =IF($A13="","",SUMIFS(Allocations!J3:J200,Allocations!$B3:$B200,$A13)) | F13: =IF($A13="","",SUMIFS(Allocations!K3:K200,Allocations!$B3:$B200,$A13)) | G13: =IF($A13="","",SUMIFS(Allocations!L3:L200,Allocations!$B3:$B200,$A13)) | H13: =IF($A13="","",SUMIFS(Allocations!M3:M200,Allocations!$B3:$B200,$A13)) | I13: =IF($A13="","",SUMIFS(Allocations!N3:N200,Allocations!$B3:$B200,$A13)) | ... M13: =IF($A13="","",SUMIFS(Allocations!R3:R200,Allocations!$B3:$B200,$A13))
A14: =IF(Projects!A12="","",Projects!A12) | B14: =IF($A14="","",SUMIFS(Allocations!G3:G200,Allocations!$B3:$B200,$A14)) | C14: =IF($A14="","",SUMIFS(Allocations!H3:H200,Allocations!$B3:$B200,$A14)) | D14: =IF($A14="","",SUMIFS(Allocations!I3:I200,Allocations!$B3:$B200,$A14)) | E14: =IF($A14="","",SUMIFS(Allocations!J3:J200,Allocations!$B3:$B200,$A14)) | F14: =IF($A14="","",SUMIFS(Allocations!K3:K200,Allocations!$B3:$B200,$A14)) | G14: =IF($A14="","",SUMIFS(Allocations!L3:L200,Allocations!$B3:$B200,$A14)) | H14: =IF($A14="","",SUMIFS(Allocations!M3:M200,Allocations!$B3:$B200,$A14)) | I14: =IF($A14="","",SUMIFS(Allocations!N3:N200,Allocations!$B3:$B200,$A14)) | ... M14: =IF($A14="","",SUMIFS(Allocations!R3:R200,Allocations!$B3:$B200,$A14))
A15: =IF(Projects!A13="","",Projects!A13) | B15: =IF($A15="","",SUMIFS(Allocations!G3:G200,Allocations!$B3:$B200,$A15)) | C15: =IF($A15="","",SUMIFS(Allocations!H3:H200,Allocations!$B3:$B200,$A15)) | D15: =IF($A15="","",SUMIFS(Allocations!I3:I200,Allocations!$B3:$B200,$A15)) | E15: =IF($A15="","",SUMIFS(Allocations!J3:J200,Allocations!$B3:$B200,$A15)) | F15: =IF($A15="","",SUMIFS(Allocations!K3:K200,Allocations!$B3:$B200,$A15)) | G15: =IF($A15="","",SUMIFS(Allocations!L3:L200,Allocations!$B3:$B200,$A15)) | H15: =IF($A15="","",SUMIFS(Allocations!M3:M200,Allocations!$B3:$B200,$A15)) | I15: =IF($A15="","",SUMIFS(Allocations!N3:N200,Allocations!$B3:$B200,$A15)) | ... M15: =IF($A15="","",SUMIFS(Allocations!R3:R200,Allocations!$B3:$B200,$A15))
A16: =IF(Projects!A14="","",Projects!A14) | B16: =IF($A16="","",SUMIFS(Allocations!G3:G200,Allocations!$B3:$B200,$A16)) | C16: =IF($A16="","",SUMIFS(Allocations!H3:H200,Allocations!$B3:$B200,$A16)) | D16: =IF($A16="","",SUMIFS(Allocations!I3:I200,Allocations!$B3:$B200,$A16)) | E16: =IF($A16="","",SUMIFS(Allocations!J3:J200,Allocations!$B3:$B200,$A16)) | F16: =IF($A16="","",SUMIFS(Allocations!K3:K200,Allocations!$B3:$B200,$A16)) | G16: =IF($A16="","",SUMIFS(Allocations!L3:L200,Allocations!$B3:$B200,$A16)) | H16: =IF($A16="","",SUMIFS(Allocations!M3:M200,Allocations!$B3:$B200,$A16)) | I16: =IF($A16="","",SUMIFS(Allocations!N3:N200,Allocations!$B3:$B200,$A16)) | ... M16: =IF($A16="","",SUMIFS(Allocations!R3:R200,Allocations!$B3:$B200,$A16))
A17: =IF(Projects!A15="","",Projects!A15) | B17: =IF($A17="","",SUMIFS(Allocations!G3:G200,Allocations!$B3:$B200,$A17)) | C17: =IF($A17="","",SUMIFS(Allocations!H3:H200,Allocations!$B3:$B200,$A17)) | D17: =IF($A17="","",SUMIFS(Allocations!I3:I200,Allocations!$B3:$B200,$A17)) | E17: =IF($A17="","",SUMIFS(Allocations!J3:J200,Allocations!$B3:$B200,$A17)) | F17: =IF($A17="","",SUMIFS(Allocations!K3:K200,Allocations!$B3:$B200,$A17)) | G17: =IF($A17="","",SUMIFS(Allocations!L3:L200,Allocations!$B3:$B200,$A17)) | H17: =IF($A17="","",SUMIFS(Allocations!M3:M200,Allocations!$B3:$B200,$A17)) | I17: =IF($A17="","",SUMIFS(Allocations!N3:N200,Allocations!$B3:$B200,$A17)) | ... M17: =IF($A17="","",SUMIFS(Allocations!R3:R200,Allocations!$B3:$B200,$A17))
A18: =IF(Projects!A16="","",Projects!A16) | B18: =IF($A18="","",SUMIFS(Allocations!G3:G200,Allocations!$B3:$B200,$A18)) | C18: =IF($A18="","",SUMIFS(Allocations!H3:H200,Allocations!$B3:$B200,$A18)) | D18: =IF($A18="","",SUMIFS(Allocations!I3:I200,Allocations!$B3:$B200,$A18)) | E18: =IF($A18="","",SUMIFS(Allocations!J3:J200,Allocations!$B3:$B200,$A18)) | F18: =IF($A18="","",SUMIFS(Allocations!K3:K200,Allocations!$B3:$B200,$A18)) | G18: =IF($A18="","",SUMIFS(Allocations!L3:L200,Allocations!$B3:$B200,$A18)) | H18: =IF($A18="","",SUMIFS(Allocations!M3:M200,Allocations!$B3:$B200,$A18)) | I18: =IF($A18="","",SUMIFS(Allocations!N3:N200,Allocations!$B3:$B200,$A18)) | ... M18: =IF($A18="","",SUMIFS(Allocations!R3:R200,Allocations!$B3:$B200,$A18))
A19: =IF(Projects!A17="","",Projects!A17) | B19: =IF($A19="","",SUMIFS(Allocations!G3:G200,Allocations!$B3:$B200,$A19)) | C19: =IF($A19="","",SUMIFS(Allocations!H3:H200,Allocations!$B3:$B200,$A19)) | D19: =IF($A19="","",SUMIFS(Allocations!I3:I200,Allocations!$B3:$B200,$A19)) | E19: =IF($A19="","",SUMIFS(Allocations!J3:J200,Allocations!$B3:$B200,$A19)) | F19: =IF($A19="","",SUMIFS(Allocations!K3:K200,Allocations!$B3:$B200,$A19)) | G19: =IF($A19="","",SUMIFS(Allocations!L3:L200,Allocations!$B3:$B200,$A19)) | H19: =IF($A19="","",SUMIFS(Allocations!M3:M200,Allocations!$B3:$B200,$A19)) | I19: =IF($A19="","",SUMIFS(Allocations!N3:N200,Allocations!$B3:$B200,$A19)) | ... M19: =IF($A19="","",SUMIFS(Allocations!R3:R200,Allocations!$B3:$B200,$A19))
A20: =IF(Projects!A18="","",Projects!A18) | B20: =IF($A20="","",SUMIFS(Allocations!G3:G200,Allocations!$B3:$B200,$A20)) | C20: =IF($A20="","",SUMIFS(Allocations!H3:H200,Allocations!$B3:$B200,$A20)) | D20: =IF($A20="","",SUMIFS(Allocations!I3:I200,Allocations!$B3:$B200,$A20)) | E20: =IF($A20="","",SUMIFS(Allocations!J3:J200,Allocations!$B3:$B200,$A20)) | F20: =IF($A20="","",SUMIFS(Allocations!K3:K200,Allocations!$B3:$B200,$A20)) | G20: =IF($A20="","",SUMIFS(Allocations!L3:L200,Allocations!$B3:$B200,$A20)) | H20: =IF($A20="","",SUMIFS(Allocations!M3:M200,Allocations!$B3:$B200,$A20)) | I20: =IF($A20="","",SUMIFS(Allocations!N3:N200,Allocations!$B3:$B200,$A20)) | ... M20: =IF($A20="","",SUMIFS(Allocations!R3:R200,Allocations!$B3:$B200,$A20))
A21: =IF(Projects!A19="","",Projects!A19) | B21: =IF($A21="","",SUMIFS(Allocations!G3:G200,Allocations!$B3:$B200,$A21)) | C21: =IF($A21="","",SUMIFS(Allocations!H3:H200,Allocations!$B3:$B200,$A21)) | D21: =IF($A21="","",SUMIFS(Allocations!I3:I200,Allocations!$B3:$B200,$A21)) | E21: =IF($A21="","",SUMIFS(Allocations!J3:J200,Allocations!$B3:$B200,$A21)) | F21: =IF($A21="","",SUMIFS(Allocations!K3:K200,Allocations!$B3:$B200,$A21)) | G21: =IF($A21="","",SUMIFS(Allocations!L3:L200,Allocations!$B3:$B200,$A21)) | H21: =IF($A21="","",SUMIFS(Allocations!M3:M200,Allocations!$B3:$B200,$A21)) | I21: =IF($A21="","",SUMIFS(Allocations!N3:N200,Allocations!$B3:$B200,$A21)) | ... M21: =IF($A21="","",SUMIFS(Allocations!R3:R200,Allocations!$B3:$B200,$A21))
A22: =IF(Projects!A20="","",Projects!A20) | B22: =IF($A22="","",SUMIFS(Allocations!G3:G200,Allocations!$B3:$B200,$A22)) | C22: =IF($A22="","",SUMIFS(Allocations!H3:H200,Allocations!$B3:$B200,$A22)) | D22: =IF($A22="","",SUMIFS(Allocations!I3:I200,Allocations!$B3:$B200,$A22)) | E22: =IF($A22="","",SUMIFS(Allocations!J3:J200,Allocations!$B3:$B200,$A22)) | F22: =IF($A22="","",SUMIFS(Allocations!K3:K200,Allocations!$B3:$B200,$A22)) | G22: =IF($A22="","",SUMIFS(Allocations!L3:L200,Allocations!$B3:$B200,$A22)) | H22: =IF($A22="","",SUMIFS(Allocations!M3:M200,Allocations!$B3:$B200,$A22)) | I22: =IF($A22="","",SUMIFS(Allocations!N3:N200,Allocations!$B3:$B200,$A22)) | ... M22: =IF($A22="","",SUMIFS(Allocations!R3:R200,Allocations!$B3:$B200,$A22))
A23: =IF(Projects!A21="","",Projects!A21) | B23: =IF($A23="","",SUMIFS(Allocations!G3:G200,Allocations!$B3:$B200,$A23)) | C23: =IF($A23="","",SUMIFS(Allocations!H3:H200,Allocations!$B3:$B200,$A23)) | D23: =IF($A23="","",SUMIFS(Allocations!I3:I200,Allocations!$B3:$B200,$A23)) | E23: =IF($A23="","",SUMIFS(Allocations!J3:J200,Allocations!$B3:$B200,$A23)) | F23: =IF($A23="","",SUMIFS(Allocations!K3:K200,Allocations!$B3:$B200,$A23)) | G23: =IF($A23="","",SUMIFS(Allocations!L3:L200,Allocations!$B3:$B200,$A23)) | H23: =IF($A23="","",SUMIFS(Allocations!M3:M200,Allocations!$B3:$B200,$A23)) | I23: =IF($A23="","",SUMIFS(Allocations!N3:N200,Allocations!$B3:$B200,$A23)) | ... M23: =IF($A23="","",SUMIFS(Allocations!R3:R200,Allocations!$B3:$B200,$A23))
A24: TOTAL (all projects) | B24: =SUM(B4:B23) -> 1.25 | C24: =SUM(C4:C23) -> 1.5 | D24: =SUM(D4:D23) -> 1 | E24: =SUM(E4:E23) -> 0.5 | F24: =SUM(F4:F23) -> 0.5 | G24: =SUM(G4:G23) -> 0 | H24: =SUM(H4:H23) -> 0.5 | I24: =SUM(I4:I23) -> 1.5 | ... M24: =SUM(M4:M23) -> 1
A27: Developer utilization (total effort by month)
A29: Developer | B29: Jan | C29: Feb | D29: Mar | E29: Apr | F29: May | G29: Jun | H29: Jul | I29: Aug | J29: Sep | K29: Oct | L29: Nov | M29: Dec
A30: =IF(Lists!A2="","",Lists!A2) -> Dev 1 | B30: =IF($A30="","",SUMIFS(Allocations!G3:G200,Allocations!$A3:$A200,$A30)) -> 0.75 | C30: =IF($A30="","",SUMIFS(Allocations!H3:H200,Allocations!$A3:$A200,$A30)) -> 0.5 | D30: =IF($A30="","",SUMIFS(Allocations!I3:I200,Allocations!$A3:$A200,$A30)) -> 0.5 | E30: =IF($A30="","",SUMIFS(Allocations!J3:J200,Allocations!$A3:$A200,$A30)) -> 0.5 | F30: =IF($A30="","",SUMIFS(Allocations!K3:K200,Allocations!$A3:$A200,$A30)) -> 0.5 | G30: =IF($A30="","",SUMIFS(Allocations!L3:L200,Allocations!$A3:$A200,$A30)) -> 0 | H30: =IF($A30="","",SUMIFS(Allocations!M3:M200,Allocations!$A3:$A200,$A30)) -> 0.5 | I30: =IF($A30="","",SUMIFS(Allocations!N3:N200,Allocations!$A3:$A200,$A30)) -> 1.25 | ... M30: =IF($A30="","",SUMIFS(Allocations!R3:R200,Allocations!$A3:$A200,$A30)) -> 0
A31: =IF(Lists!A3="","",Lists!A3) -> Dev 2 | B31: =IF($A31="","",SUMIFS(Allocations!G3:G200,Allocations!$A3:$A200,$A31)) -> 0.5 | C31: =IF($A31="","",SUMIFS(Allocations!H3:H200,Allocations!$A3:$A200,$A31)) -> 1 | D31: =IF($A31="","",SUMIFS(Allocations!I3:I200,Allocations!$A3:$A200,$A31)) -> 0.5 | E31: =IF($A31="","",SUMIFS(Allocations!J3:J200,Allocations!$A3:$A200,$A31)) -> 0 | F31: =IF($A31="","",SUMIFS(Allocations!K3:K200,Allocations!$A3:$A200,$A31)) -> 0 | G31: =IF($A31="","",SUMIFS(Allocations!L3:L200,Allocations!$A3:$A200,$A31)) -> 0 | H31: =IF($A31="","",SUMIFS(Allocations!M3:M200,Allocations!$A3:$A200,$A31)) -> 0 | I31: =IF($A31="","",SUMIFS(Allocations!N3:N200,Allocations!$A3:$A200,$A31)) -> 0.25 | ... M31: =IF($A31="","",SUMIFS(Allocations!R3:R200,Allocations!$A3:$A200,$A31)) -> 1
A32: =IF(Lists!A4="","",Lists!A4) -> Dev 3 | B32: =IF($A32="","",SUMIFS(Allocations!G3:G200,Allocations!$A3:$A200,$A32)) -> 0 | C32: =IF($A32="","",SUMIFS(Allocations!H3:H200,Allocations!$A3:$A200,$A32)) -> 0 | D32: =IF($A32="","",SUMIFS(Allocations!I3:I200,Allocations!$A3:$A200,$A32)) -> 0 | E32: =IF($A32="","",SUMIFS(Allocations!J3:J200,Allocations!$A3:$A200,$A32)) -> 0 | F32: =IF($A32="","",SUMIFS(Allocations!K3:K200,Allocations!$A3:$A200,$A32)) -> 0 | G32: =IF($A32="","",SUMIFS(Allocations!L3:L200,Allocations!$A3:$A200,$A32)) -> 0 | H32: =IF($A32="","",SUMIFS(Allocations!M3:M200,Allocations!$A3:$A200,$A32)) -> 0 | I32: =IF($A32="","",SUMIFS(Allocations!N3:N200,Allocations!$A3:$A200,$A32)) -> 0 | ... M32: =IF($A32="","",SUMIFS(Allocations!R3:R200,Allocations!$A3:$A200,$A32)) -> 0
A33: =IF(Lists!A5="","",Lists!A5) | B33: =IF($A33="","",SUMIFS(Allocations!G3:G200,Allocations!$A3:$A200,$A33)) | C33: =IF($A33="","",SUMIFS(Allocations!H3:H200,Allocations!$A3:$A200,$A33)) | D33: =IF($A33="","",SUMIFS(Allocations!I3:I200,Allocations!$A3:$A200,$A33)) | E33: =IF($A33="","",SUMIFS(Allocations!J3:J200,Allocations!$A3:$A200,$A33)) | F33: =IF($A33="","",SUMIFS(Allocations!K3:K200,Allocations!$A3:$A200,$A33)) | G33: =IF($A33="","",SUMIFS(Allocations!L3:L200,Allocations!$A3:$A200,$A33)) | H33: =IF($A33="","",SUMIFS(Allocations!M3:M200,Allocations!$A3:$A200,$A33)) | I33: =IF($A33="","",SUMIFS(Allocations!N3:N200,Allocations!$A3:$A200,$A33)) | ... M33: =IF($A33="","",SUMIFS(Allocations!R3:R200,Allocations!$A3:$A200,$A33))
A34: =IF(Lists!A6="","",Lists!A6) | B34: =IF($A34="","",SUMIFS(Allocations!G3:G200,Allocations!$A3:$A200,$A34)) | C34: =IF($A34="","",SUMIFS(Allocations!H3:H200,Allocations!$A3:$A200,$A34)) | D34: =IF($A34="","",SUMIFS(Allocations!I3:I200,Allocations!$A3:$A200,$A34)) | E34: =IF($A34="","",SUMIFS(Allocations!J3:J200,Allocations!$A3:$A200,$A34)) | F34: =IF($A34="","",SUMIFS(Allocations!K3:K200,Allocations!$A3:$A200,$A34)) | G34: =IF($A34="","",SUMIFS(Allocations!L3:L200,Allocations!$A3:$A200,$A34)) | H34: =IF($A34="","",SUMIFS(Allocations!M3:M200,Allocations!$A3:$A200,$A34)) | I34: =IF($A34="","",SUMIFS(Allocations!N3:N200,Allocations!$A3:$A200,$A34)) | ... M34: =IF($A34="","",SUMIFS(Allocations!R3:R200,Allocations!$A3:$A200,$A34))
A35: =IF(Lists!A7="","",Lists!A7) | B35: =IF($A35="","",SUMIFS(Allocations!G3:G200,Allocations!$A3:$A200,$A35)) | C35: =IF($A35="","",SUMIFS(Allocations!H3:H200,Allocations!$A3:$A200,$A35)) | D35: =IF($A35="","",SUMIFS(Allocations!I3:I200,Allocations!$A3:$A200,$A35)) | E35: =IF($A35="","",SUMIFS(Allocations!J3:J200,Allocations!$A3:$A200,$A35)) | F35: =IF($A35="","",SUMIFS(Allocations!K3:K200,Allocations!$A3:$A200,$A35)) | G35: =IF($A35="","",SUMIFS(Allocations!L3:L200,Allocations!$A3:$A200,$A35)) | H35: =IF($A35="","",SUMIFS(Allocations!M3:M200,Allocations!$A3:$A200,$A35)) | I35: =IF($A35="","",SUMIFS(Allocations!N3:N200,Allocations!$A3:$A200,$A35)) | ... M35: =IF($A35="","",SUMIFS(Allocations!R3:R200,Allocations!$A3:$A200,$A35))
A36: =IF(Lists!A8="","",Lists!A8) | B36: =IF($A36="","",SUMIFS(Allocations!G3:G200,Allocations!$A3:$A200,$A36)) | C36: =IF($A36="","",SUMIFS(Allocations!H3:H200,Allocations!$A3:$A200,$A36)) | D36: =IF($A36="","",SUMIFS(Allocations!I3:I200,Allocations!$A3:$A200,$A36)) | E36: =IF($A36="","",SUMIFS(Allocations!J3:J200,Allocations!$A3:$A200,$A36)) | F36: =IF($A36="","",SUMIFS(Allocations!K3:K200,Allocations!$A3:$A200,$A36)) | G36: =IF($A36="","",SUMIFS(Allocations!L3:L200,Allocations!$A3:$A200,$A36)) | H36: =IF($A36="","",SUMIFS(Allocations!M3:M200,Allocations!$A3:$A200,$A36)) | I36: =IF($A36="","",SUMIFS(Allocations!N3:N200,Allocations!$A3:$A200,$A36)) | ... M36: =IF($A36="","",SUMIFS(Allocations!R3:R200,Allocations!$A3:$A200,$A36))
A37: =IF(Lists!A9="","",Lists!A9) | B37: =IF($A37="","",SUMIFS(Allocations!G3:G200,Allocations!$A3:$A200,$A37)) | C37: =IF($A37="","",SUMIFS(Allocations!H3:H200,Allocations!$A3:$A200,$A37)) | D37: =IF($A37="","",SUMIFS(Allocations!I3:I200,Allocations!$A3:$A200,$A37)) | E37: =IF($A37="","",SUMIFS(Allocations!J3:J200,Allocations!$A3:$A200,$A37)) | F37: =IF($A37="","",SUMIFS(Allocations!K3:K200,Allocations!$A3:$A200,$A37)) | G37: =IF($A37="","",SUMIFS(Allocations!L3:L200,Allocations!$A3:$A200,$A37)) | H37: =IF($A37="","",SUMIFS(Allocations!M3:M200,Allocations!$A3:$A200,$A37)) | I37: =IF($A37="","",SUMIFS(Allocations!N3:N200,Allocations!$A3:$A200,$A37)) | ... M37: =IF($A37="","",SUMIFS(Allocations!R3:R200,Allocations!$A3:$A200,$A37))
A38: =IF(Lists!A10="","",Lists!A10) | B38: =IF($A38="","",SUMIFS(Allocations!G3:G200,Allocations!$A3:$A200,$A38)) | C38: =IF($A38="","",SUMIFS(Allocations!H3:H200,Allocations!$A3:$A200,$A38)) | D38: =IF($A38="","",SUMIFS(Allocations!I3:I200,Allocations!$A3:$A200,$A38)) | E38: =IF($A38="","",SUMIFS(Allocations!J3:J200,Allocations!$A3:$A200,$A38)) | F38: =IF($A38="","",SUMIFS(Allocations!K3:K200,Allocations!$A3:$A200,$A38)) | G38: =IF($A38="","",SUMIFS(Allocations!L3:L200,Allocations!$A3:$A200,$A38)) | H38: =IF($A38="","",SUMIFS(Allocations!M3:M200,Allocations!$A3:$A200,$A38)) | I38: =IF($A38="","",SUMIFS(Allocations!N3:N200,Allocations!$A3:$A200,$A38)) | ... M38: =IF($A38="","",SUMIFS(Allocations!R3:R200,Allocations!$A3:$A200,$A38))
A39: =IF(Lists!A11="","",Lists!A11) | B39: =IF($A39="","",SUMIFS(Allocations!G3:G200,Allocations!$A3:$A200,$A39)) | C39: =IF($A39="","",SUMIFS(Allocations!H3:H200,Allocations!$A3:$A200,$A39)) | D39: =IF($A39="","",SUMIFS(Allocations!I3:I200,Allocations!$A3:$A200,$A39)) | E39: =IF($A39="","",SUMIFS(Allocations!J3:J200,Allocations!$A3:$A200,$A39)) | F39: =IF($A39="","",SUMIFS(Allocations!K3:K200,Allocations!$A3:$A200,$A39)) | G39: =IF($A39="","",SUMIFS(Allocations!L3:L200,Allocations!$A3:$A200,$A39)) | H39: =IF($A39="","",SUMIFS(Allocations!M3:M200,Allocations!$A3:$A200,$A39)) | I39: =IF($A39="","",SUMIFS(Allocations!N3:N200,Allocations!$A3:$A200,$A39)) | ... M39: =IF($A39="","",SUMIFS(Allocations!R3:R200,Allocations!$A3:$A200,$A39))
