Workbook
Name DevelopersList: Lists!$A$2:$A$50
Name MonthsList: Lists!$B$2:$B$13
Name ProjectsList: Projects!$A$2:$A$50
Name BlendRate: Lists!$G$1
Name Mandays: Lists!$G$2
Name DevRateTable: Lists!$A$3:$C$4

Sheet Instructions
A1: Yearly Project Plan Template (Sample)
A3: How to use:
A4: 1) Projects sheet: define each project's Start Month and End Month (Jan–Dec). StartIdx/EndIdx/Duration are calculated.
A5: 2) Allocations sheet: add one row per Developer–Project assignment. Choose Developer and Project from dropdowns.
A6: 3) Enter monthly effort as a fraction (0.00 to 1.00). You can only enter effort within the project's active months.
A7: • Outside active months: cell must be blank (validated) and is shaded grey.
A8: 4) Summary sheet: project totals by month + developer utilization by month (cells turn red if utilization is <1 or >1).
A9: Tip: Add more developers on the Lists sheet and more projects on the Projects sheet—dropdowns update automatically.

Sheet Lists
A1: Developers | B1: Months | F1: BlendRate | G1: 500 | L1: Mandays
A2: Developer | B2: Jan | C2: DailyRate | D2: RateRatio (Rate/Blend) | F2: Mandays | G2: 21 | L2: 20
A3: Dev 1 | B3: Feb | C3: 500 | D3: =C3/$G$1 | L3: 20
A4: Dev 2 | B4: Mar | C4: 600 | D4: =C4/$G$1 | L4: 20
B5: Apr | L5: 20
B6: May | L6: 20
B7: Jun | L7: 20
B8: Jul | L8: 20
B9: Aug | L9: 20
B10: Sep | L10: 20
B11: Oct | L11: 20
B12: Nov | L12: 20
B13: Dec | L13: 20
L14: 20
L15: 20
L16: 20
L17: 20
L18: 20
L19: 20
L20: 20
L21: 20
L22: 20
L23: 20
L24: 20
L25: 20
... L37: 20

Sheet Projects
A1: Project | B1: Start Month | C1: End Month | D1: StartIdx | E1: EndIdx | F1: Duration (months) | G1: Notes
A2: Project A | B2: Jan | C2: Mar | D2: =IFERROR(MATCH(B2,MonthsList,0),"") | E2: =IFERROR(MATCH(C2,MonthsList,0),"") | F2: =IF(AND(D2<>"",E2<>""),E2-D2+1,"") | G2: Example 3-month project
A3: Project B | B3: Jan | C3: May | D3: =IFERROR(MATCH(B3,MonthsList,0),"") | E3: =IFERROR(MATCH(C3,MonthsList,0),"") | F3: =IF(AND(D3<>"",E3<>""),E3-D3+1,"") | G3: Example 5-month project
A4: Project C | B4: Jan | C4: Feb | D4: =IFERROR(MATCH(B4,MonthsList,0),"") | E4: =IFERROR(MATCH(C4,MonthsList,0),"") | F4: =IF(AND(D4<>"",E4<>""),E4-D4+1,"") | G4: Example 2-month project
A5: Project D | B5: Jul | C5: Sep | D5: =IFERROR(MATCH(B2,MonthsList,0),"") | E5: =IFERROR(MATCH(C2,MonthsList,0),"") | F5: =IF(AND(D2<>"",E2<>""),E2-D2+1,"")
A6: Project E | B6: Oct | C6: Dec | D6: =IFERROR(MATCH(B2,MonthsList,0),"") | E6: =IFERROR(MATCH(C2,MonthsList,0),"") | F6: =IF(AND(D2<>"",E2<>""),E2-D2+1,"")
A7: Project F | B7: Aug | C7: Nov | D7: =IFERROR(MATCH(B2,MonthsList,0),"") | E7: =IFERROR(MATCH(C2,MonthsList,0),"") | F7: =IF(AND(D2<>"",E2<>""),E2-D2+1,"")
D8: =IFERROR(MATCH(B8,MonthsList,0),"") | E8: =IFERROR(MATCH(C8,MonthsList,0),"") | F8: =IF(AND(D8<>"",E8<>""),E8-D8+1,"")
D9: =IFERROR(MATCH(B9,MonthsList,0),"") | E9: =IFERROR(MATCH(C9,MonthsList,0),"") | F9: =IF(AND(D9<>"",E9<>""),E9-D9+1,"")
D10: =IFERROR(MATCH(B10,MonthsList,0),"") | E10: =IFERROR(MATCH(C10,MonthsList,0),"") | F10: =IF(AND(D10<>"",E10<>""),E10-D10+1,"")
D11: =IFERROR(MATCH(B11,MonthsList,0),"") | E11: =IFERROR(MATCH(C11,MonthsList,0),"") | F11: =IF(AND(D11<>"",E11<>""),E11-D11+1,"")
D12: =IFERROR(MATCH(B12,MonthsList,0),"") | E12: =IFERROR(MATCH(C12,MonthsList,0),"") | F12: =IF(AND(D12<>"",E12<>""),E12-D12+1,"")
D13: =IFERROR(MATCH(B13,MonthsList,0),"") | E13: =IFERROR(MATCH(C13,MonthsList,0),"") | F13: =IF(AND(D13<>"",E13<>""),E13-D13+1,"")
D14: =IFERROR(MATCH(B14,MonthsList,0),"") | E14: =IFERROR(MATCH(C14,MonthsList,0),"") | F14: =IF(AND(D14<>"",E14<>""),E14-D14+1,"")
D15: =IFERROR(MATCH(B15,MonthsList,0),"") | E15: =IFERROR(MATCH(C15,MonthsList,0),"") | F15: =IF(AND(D15<>"",E15<>""),E15-D15+1,"")
D16: =IFERROR(MATCH(B16,MonthsList,0),"") | E16: =IFERROR(MATCH(C16,MonthsList,0),"") | F16: =IF(AND(D16<>"",E16<>""),E16-D16+1,"")
D17: =IFERROR(MATCH(B17,MonthsList,0),"") | E17: =IFERROR(MATCH(C17,MonthsList,0),"") | F17: =IF(AND(D17<>"",E17<>""),E17-D17+1,"")
D18: =IFERROR(MATCH(B18,MonthsList,0),"") | E18: =IFERROR(MATCH(C18,MonthsList,0),"") | F18: =IF(AND(D18<>"",E18<>""),E18-D18+1,"")
D19: =IFERROR(MATCH(B19,MonthsList,0),"") | E19: =IFERROR(MATCH(C19,MonthsList,0),"") | F19: =IF(AND(D19<>"",E19<>""),E19-D19+1,"")
... D25: =IFERROR(MATCH(B25,MonthsList,0),"") | E25: =IFERROR(MATCH(C25,MonthsList,0),"") | F25: =IF(AND(D25<>"",E25<>""),E25-D25+1,"")

Sheet Allocations
H1: 1 | I1: 2 | J1: 3 | K1: 4 | L1: 5 | M1: 6 | N1: 7 | O1: 8 | P1: 9 | Q1: 10 | R1: 11 | S1: 12
A2: Developer | B2: Project | C2: Start Month | D2: End Month | E2: StartIdx | F2: EndIdx | G2: Row Total | H2: Jan | I2: Feb | J2: Mar | K2: Apr | L2: May | M2: Jun | N2: Jul | O2: Aug | P2: Sep | Q2: Oct | R2: Nov | S2: Dec | T2: DevRate | U2: Feb Cost | V2: Mar Cost | W2: Apr Cost | X2: May Cost | Y2: Jun Cost | Z2: Jul Cost | AA2: Aug Cost | AB2: Sep Cost | AC2: Oct Cost | AD2: Nov Cost | AE2: Dec Cost
A3: Dev 1 | B3: Project A | C3: =IFERROR(VLOOKUP($B3,Projects!$A$2:$G$50,2,FALSE),"") | D3: =IFERROR(VLOOKUP($B3,Projects!$A$2:$G$50,3,FALSE),"") | E3: =IFERROR(VLOOKUP($B3,Projects!$A$2:$G$50,4,FALSE),"") | F3: =IFERROR(VLOOKUP($B3,Projects!$A$2:$G$50,5,FALSE),"") | G3: =SUM(H3:S3) | H3: 0.5 | I3: 0.25 | J3: 0.25 | T3: =IF($A3="","",VLOOKUP($A3,DevRateTable,3,FALSE)) | U3: =IF(I3="","",I3*IFERROR(VLOOKUP($A3&"|Feb",Lists!$J:$L,2,FALSE),0)*IFERROR(VLOOKUP($A3&"|Feb",Lists!$J:$L,3,FALSE),0)) | V3: =IF(J3="","",J3*IFERROR(VLOOKUP($A3&"|Mar",Lists!$J:$L,2,FALSE),0)*IFERROR(VLOOKUP($A3&"|Mar",Lists!$J:$L,3,FALSE),0)) | W3: =IF(K3="","",K3*IFERROR(VLOOKUP($A3&"|Apr",Lists!$J:$L,2,FALSE),0)*IFERROR(VLOOKUP($A3&"|Apr",Lists!$J:$L,3,FALSE),0)) | X3: =IF(L3="","",L3*IFERROR(VLOOKUP($A3&"|May",Lists!$J:$L,2,FALSE),0)*IFERROR(VLOOKUP($A3&"|May",Lists!$J:$L,3,FALSE),0)) | Y3: =IF(M3="","",M3*IFERROR(VLOOKUP($A3&"|Jun",Lists!$J:$L,2,FALSE),0)*IFERROR(VLOOKUP($A3&"|Jun",Lists!$J:$L,3,FALSE),0)) | Z3: =IF(N3="","",N3*IFERROR(VLOOKUP($A3&"|Jul",Lists!$J:$L,2,FALSE),0)*IFERROR(VLOOKUP($A3&"|Jul",Lists!$J:$L,3,FALSE),0)) | AA3: =IF(O3="","",O3*IFERROR(VLOOKUP($A3&"|Aug",Lists!$J:$L,2,FALSE),0)*IFERROR(VLOOKUP($A3&"|Aug",Lists!$J:$L,3,FALSE),0)) | AB3: =IF(P3="","",P3*IFERROR(VLOOKUP($A3&"|Sep",Lists!$J:$L,2,FALSE),0)*IFERROR(VLOOKUP($A3&"|Sep",Lists!$J:$L,3,FALSE),0)) | AC3: =IF(Q3="","",Q3*IFERROR(VLOOKUP($A3&"|Oct",Lists!$J:$L,2,FALSE),0)*IFERROR(VLOOKUP($A3&"|Oct",Lists!$J:$L,3,FALSE),0)) | AD3: =IF(R3="","",R3*IFERROR(VLOOKUP($A3&"|Nov",Lists!$J:$L,2,FALSE),0)*IFERROR(VLOOKUP($A3&"|Nov",Lists!$J:$L,3,FALSE),0)) | AE3: =IF(S3="","",S3*IFERROR(VLOOKUP($A3&"|Dec",Lists!$J:$L,2,FALSE),0)*IFERROR(VLOOKUP($A3&"|Dec",Lists!$J:$L,3,FALSE),0))
A4: Dev 1 | B4: Project B | C4: =IFERROR(VLOOKUP($B4,Projects!$A$2:$G$50,2,FALSE),"") | D4: =IFERROR(VLOOKUP($B4,Projects!$A$2:$G$50,3,FALSE),"") | E4: =IFERROR(VLOOKUP($B4,Projects!$A$2:$G$50,4,FALSE),"") | F4: =IFERROR(VLOOKUP($B4,Projects!$A$2:$G$50,5,FALSE),"") | G4: =SUM(H4:S4) | H4: 0.25 | I4: 0.25 | J4: 0.25 | K4: 0.5 | L4: 0.5 | T4: =IF($A4="","",VLOOKUP($A4,DevRateTable,3,FALSE)) | U4: =IF(I4="","",I4*IFERROR(VLOOKUP($A4&"|Feb",Lists!$J:$L,2,FALSE),0)*IFERROR(VLOOKUP($A4&"|Feb",Lists!$J:$L,3,FALSE),0)) | V4: =IF(J4="","",J4*IFERROR(VLOOKUP($A4&"|Mar",Lists!$J:$L,2,FALSE),0)*IFERROR(VLOOKUP($A4&"|Mar",Lists!$J:$L,3,FALSE),0)) | W4: =IF(K4="","",K4*IFERROR(VLOOKUP($A4&"|Apr",Lists!$J:$L,2,FALSE),0)*IFERROR(VLOOKUP($A4&"|Apr",Lists!$J:$L,3,FALSE),0)) | X4: =IF(L4="","",L4*IFERROR(VLOOKUP($A4&"|May",Lists!$J:$L,2,FALSE),0)*IFERROR(VLOOKUP($A4&"|May",Lists!$J:$L,3,FALSE),0)) | Y4: =IF(M4="","",M4*IFERROR(VLOOKUP($A4&"|Jun",Lists!$J:$L,2,FALSE),0)*IFERROR(VLOOKUP($A4&"|Jun",Lists!$J:$L,3,FALSE),0)) | Z4: =IF(N4="","",N4*IFERROR(VLOOKUP($A4&"|Jul",Lists!$J:$L,2,FALSE),0)*IFERROR(VLOOKUP($A4&"|Jul",Lists!$J:$L,3,FALSE),0)) | AA4: =IF(O4="","",O4*IFERROR(VLOOKUP($A4&"|Aug",Lists!$J:$L,2,FALSE),0)*IFERROR(VLOOKUP($A4&"|Aug",Lists!$J:$L,3,FALSE),0)) | AB4: =IF(P4="","",P4*IFERROR(VLOOKUP($A4&"|Sep",Lists!$J:$L,2,FALSE),0)*IFERROR(VLOOKUP($A4&"|Sep",Lists!$J:$L,3,FALSE),0)) | AC4: =IF(Q4="","",Q4*IFERROR(VLOOKUP($A4&"|Oct",Lists!$J:$L,2,FALSE),0)*IFERROR(VLOOKUP($A4&"|Oct",Lists!$J:$L,3,FALSE),0)) | AD4: =IF(R4="","",R4*IFERROR(VLOOKUP($A4&"|Nov",Lists!$J:$L,2,FALSE),0)*IFERROR(VLOOKUP($A4&"|Nov",Lists!$J:$L,3,FALSE),0)) | AE4: =IF(S4="","",S4*IFERROR(VLOOKUP($A4&"|Dec",Lists!$J:$L,2,FALSE),0)*IFERROR(VLOOKUP($A4&"|Dec",Lists!$J:$L,3,FALSE),0))
A5: Dev 2 | B5: Project A | C5: =IFERROR(VLOOKUP($B5,Projects!$A$2:$G$50,2,FALSE),"") | D5: =IFERROR(VLOOKUP($B5,Projects!$A$2:$G$50,3,FALSE),"") | E5: =IFERROR(VLOOKUP($B5,Projects!$A$2:$G$50,4,FALSE),"") | F5: =IFERROR(VLOOKUP($B5,Projects!$A$2:$G$50,5,FALSE),"") | G5: =SUM(H5:S5) | I5: 0.5 | J5: 0.5 | T5: =IF($A5="","",VLOOKUP($A5,DevRateTable,3,FALSE)) | U5: =IF(I5="","",I5*IFERROR(VLOOKUP($A5&"|Feb",Lists!$J:$L,2,FALSE),0)*IFERROR(VLOOKUP($A5&"|Feb",Lists!$J:$L,3,FALSE),0)) | V5: =IF(J5="","",J5*IFERROR(VLOOKUP($A5&"|Mar",Lists!$J:$L,2,FALSE),0)*IFERROR(VLOOKUP($A5&"|Mar",Lists!$J:$L,3,FALSE),0)) | W5: =IF(K5="","",K5*IFERROR(VLOOKUP($A5&"|Apr",Lists!$J:$L,2,FALSE),0)*IFERROR(VLOOKUP($A5&"|Apr",Lists!$J:$L,3,FALSE),0)) | X5: =IF(L5="","",L5*IFERROR(VLOOKUP($A5&"|May",Lists!$J:$L,2,FALSE),0)*IFERROR(VLOOKUP($A5&"|May",Lists!$J:$L,3,FALSE),0)) | Y5: =IF(M5="","",M5*IFERROR(VLOOKUP($A5&"|Jun",Lists!$J:$L,2,FALSE),0)*IFERROR(VLOOKUP($A5&"|Jun",Lists!$J:$L,3,FALSE),0)) | Z5: =IF(N5="","",N5*IFERROR(VLOOKUP($A5&"|Jul",Lists!$J:$L,2,FALSE),0)*IFERROR(VLOOKUP($A5&"|Jul",Lists!$J:$L,3,FALSE),0)) | AA5: =IF(O5="","",O5*IFERROR(VLOOKUP($A5&"|Aug",Lists!$J:$L,2,FALSE),0)*IFERROR(VLOOKUP($A5&"|Aug",Lists!$J:$L,3,FALSE),0)) | AB5: =IF(P5="","",P5*IFERROR(VLOOKUP($A5&"|Sep",Lists!$J:$L,2,FALSE),0)*IFERROR(VLOOKUP($A5&"|Sep",Lists!$J:$L,3,FALSE),0)) | AC5: =IF(Q5="","",Q5*IFERROR(VLOOKUP($A5&"|Oct",Lists!$J:$L,2,FALSE),0)*IFERROR(VLOOKUP($A5&"|Oct",Lists!$J:$L,3,FALSE),0)) | AD5: =IF(R5="","",R5*IFERROR(VLOOKUP($A5&"|Nov",Lists!$J:$L,2,FALSE),0)*IFERROR(VLOOKUP($A5&"|Nov",Lists!$J:$L,3,FALSE),0)) | AE5: =IF(S5="","",S5*IFERROR(VLOOKUP($A5&"|Dec",Lists!$J:$L,2,FALSE),0)*IFERROR(VLOOKUP($A5&"|Dec",Lists!$J:$L,3,FALSE),0))
A6: Dev 2 | B6: Project C | C6: =IFERROR(VLOOKUP($B6,Projects!$A$2:$G$50,2,FALSE),"") | D6: =IFERROR(VLOOKUP($B6,Projects!$A$2:$G$50,3,FALSE),"") | E6: =IFERROR(VLOOKUP($B6,Projects!$A$2:$G$50,4,FALSE),"") | F6: =IFERROR(VLOOKUP($B6,Projects!$A$2:$G$50,5,FALSE),"") | G6: =SUM(H6:S6) | H6: 0.5 | I6: 0.5 | T6: =IF($A6="","",VLOOKUP($A6,DevRateTable,3,FALSE)) | U6: =IF(I6="","",I6*IFERROR(VLOOKUP($A6&"|Feb",Lists!$J:$L,2,FALSE),0)*IFERROR(VLOOKUP($A6&"|Feb",Lists!$J:$L,3,FALSE),0)) | V6: =IF(J6="","",J6*IFERROR(VLOOKUP($A6&"|Mar",Lists!$J:$L,2,FALSE),0)*IFERROR(VLOOKUP($A6&"|Mar",Lists!$J:$L,3,FALSE),0)) | W6: =IF(K6="","",K6*IFERROR(VLOOKUP($A6&"|Apr",Lists!$J:$L,2,FALSE),0)*IFERROR(VLOOKUP($A6&"|Apr",Lists!$J:$L,3,FALSE),0)) | X6: =IF(L6="","",L6*IFERROR(VLOOKUP($A6&"|May",Lists!$J:$L,2,FALSE),0)*IFERROR(VLOOKUP($A6&"|May",Lists!$J:$L,3,FALSE),0)) | Y6: =IF(M6="","",M6*IFERROR(VLOOKUP($A6&"|Jun",Lists!$J:$L,2,FALSE),0)*IFERROR(VLOOKUP($A6&"|Jun",Lists!$J:$L,3,FALSE),0)) | Z6: =IF(N6="","",N6*IFERROR(VLOOKUP($A6&"|Jul",Lists!$J:$L,2,FALSE),0)*IFERROR(VLOOKUP($A6&"|Jul",Lists!$J:$L,3,FALSE),0)) | AA6: =IF(O6="","",O6*IFERROR(VLOOKUP($A6&"|Aug",Lists!$J:$L,2,FALSE),0)*IFERROR(VLOOKUP($A6&"|Aug",Lists!$J:$L,3,FALSE),0)) | AB6: =IF(P6="","",P6*IFERROR(VLOOKUP($A6&"|Sep",Lists!$J:$L,2,FALSE),0)*IFERROR(VLOOKUP($A6&"|Sep",Lists!$J:$L,3,FALSE),0)) | AC6: =IF(Q6="","",Q6*IFERROR(VLOOKUP($A6&"|Oct",Lists!$J:$L,2,FALSE),0)*IFERROR(VLOOKUP($A6&"|Oct",Lists!$J:$L,3,FALSE),0)) | AD6: =IF(R6="","",R6*IFERROR(VLOOKUP($A6&"|Nov",Lists!$J:$L,2,FALSE),0)*IFERROR(VLOOKUP($A6&"|Nov",Lists!$J:$L,3,FALSE),0)) | AE6: =IF(S6="","",S6*IFERROR(VLOOKUP($A6&"|Dec",Lists!$J:$L,2,FALSE),0)*IFERROR(VLOOKUP($A6&"|Dec",Lists!$J:$L,3,FALSE),0))
A7: Dev 1 | B7: Project D | C7: Jul | D7: Sep | E7: =IFERROR(VLOOKUP($B3,Projects!$A$2:$G$50,4,FALSE),"") | F7: =IFERROR(VLOOKUP($B3,Projects!$A$2:$G$50,5,FALSE),"") | G7: =SUM(H7:S7) | N7: 0.5 | O7: 0.75 | P7: 0.5 | T7: =IF($A7="","",VLOOKUP($A7,DevRateTable,3,FALSE)) | U7: =IF(I7="","",I7*IFERROR(VLOOKUP($A7&"|Feb",Lists!$J:$L,2,FALSE),0)*IFERROR(VLOOKUP($A7&"|Feb",Lists!$J:$L,3,FALSE),0)) | V7: =IF(J7="","",J7*IFERROR(VLOOKUP($A7&"|Mar",Lists!$J:$L,2,FALSE),0)*IFERROR(VLOOKUP($A7&"|Mar",Lists!$J:$L,3,FALSE),0)) | W7: =IF(K7="","",K7*IFERROR(VLOOKUP($A7&"|Apr",Lists!$J:$L,2,FALSE),0)*IFERROR(VLOOKUP($A7&"|Apr",Lists!$J:$L,3,FALSE),0)) | X7: =IF(L7="","",L7*IFERROR(VLOOKUP($A7&"|May",Lists!$J:$L,2,FALSE),0)*IFERROR(VLOOKUP($A7&"|May",Lists!$J:$L,3,FALSE),0)) | Y7: =IF(M7="","",M7*IFERROR(VLOOKUP($A7&"|Jun",Lists!$J:$L,2,FALSE),0)*IFERROR(VLOOKUP($A7&"|Jun",Lists!$J:$L,3,FALSE),0)) | Z7: =IF(N7="","",N7*IFERROR(VLOOKUP($A7&"|Jul",Lists!$J:$L,2,FALSE),0)*IFERROR(VLOOKUP($A7&"|Jul",Lists!$J:$L,3,FALSE),0)) | AA7: =IF(O7="","",O7*IFERROR(VLOOKUP($A7&"|Aug",Lists!$J:$L,2,FALSE),0)*IFERROR(VLOOKUP($A7&"|Aug",Lists!$J:$L,3,FALSE),0)) | AB7: =IF(P7="","",P7*IFERROR(VLOOKUP($A7&"|Sep",Lists!$J:$L,2,FALSE),0)*IFERROR(VLOOKUP($A7&"|Sep",Lists!$J:$L,3,FALSE),0)) | AC7: =IF(Q7="","",Q7*IFERROR(VLOOKUP($A7&"|Oct",Lists!$J:$L,2,FALSE),0)*IFERROR(VLOOKUP($A7&"|Oct",Lists!$J:$L,3,FALSE),0)) | AD7: =IF(R7="","",R7*IFERROR(VLOOKUP($A7&"|Nov",Lists!$J:$L,2,FALSE),0)*IFERROR(VLOOKUP($A7&"|Nov",Lists!$J:$L,3,FALSE),0)) | AE7: =IF(S7="","",S7*IFERROR(VLOOKUP($A7&"|Dec",Lists!$J:$L,2,FALSE),0)*IFERROR(VLOOKUP($A7&"|Dec",Lists!$J:$L,3,FALSE),0))
A8: Dev 1 | B8: Project F | C8: Aug | D8: Nov | E8: =IFERROR(VLOOKUP($B3,Projects!$A$2:$G$50,4,FALSE),"") | F8: =IFERROR(VLOOKUP($B3,Projects!$A$2:$G$50,5,FALSE),"") | G8: =SUM(H8:S8) | O8: 0.5 | P8: 0.5 | Q8: 0.25 | R8: 0.5 | T8: =IF($A8="","",VLOOKUP($A8,DevRateTable,3,FALSE)) | U8: =IF(I8="","",I8*IFERROR(VLOOKUP($A8&"|Feb",Lists!$J:$L,2,FALSE),0)*IFERROR(VLOOKUP($A8&"|Feb",Lists!$J:$L,3,FALSE),0)) | V8: =IF(J8="","",J8*IFERROR(VLOOKUP($A8&"|Mar",Lists!$J:$L,2,FALSE),0)*IFERROR(VLOOKUP($A8&"|Mar",Lists!$J:$L,3,FALSE),0)) | W8: =IF(K8="","",K8*IFERROR(VLOOKUP($A8&"|Apr",Lists!$J:$L,2,FALSE),0)*IFERROR(VLOOKUP($A8&"|Apr",Lists!$J:$L,3,FALSE),0)) | X8: =IF(L8="","",L8*IFERROR(VLOOKUP($A8&"|May",Lists!$J:$L,2,FALSE),0)*IFERROR(VLOOKUP($A8&"|May",Lists!$J:$L,3,FALSE),0)) | Y8: =IF(M8="","",M8*IFERROR(VLOOKUP($A8&"|Jun",Lists!$J:$L,2,FALSE),0)*IFERROR(VLOOKUP($A8&"|Jun",Lists!$J:$L,3,FALSE),0)) | Z8: =IF(N8="","",N8*IFERROR(VLOOKUP($A8&"|Jul",Lists!$J:$L,2,FALSE),0)*IFERROR(VLOOKUP($A8&"|Jul",Lists!$J:$L,3,FALSE),0)) | AA8: =IF(O8="","",O8*IFERROR(VLOOKUP($A8&"|Aug",Lists!$J:$L,2,FALSE),0)*IFERROR(VLOOKUP($A8&"|Aug",Lists!$J:$L,3,FALSE),0)) | AB8: =IF(P8="","",P8*IFERROR(VLOOKUP($A8&"|Sep",Lists!$J:$L,2,FALSE),0)*IFERROR(VLOOKUP($A8&"|Sep",Lists!$J:$L,3,FALSE),0)) | AC8: =IF(Q8="","",Q8*IFERROR(VLOOKUP($A8&"|Oct",Lists!$J:$L,2,FALSE),0)*IFERROR(VLOOKUP($A8&"|Oct",Lists!$J:$L,3,FALSE),0)) | AD8: =IF(R8="","",R8*IFERROR(VLOOKUP($A8&"|Nov",Lists!$J:$L,2,FALSE),0)*IFERROR(VLOOKUP($A8&"|Nov",Lists!$J:$L,3,FALSE),0)) | AE8: =IF(S8="","",S8*IFERROR(VLOOKUP($A8&"|Dec",Lists!$J:$L,2,FALSE),0)*IFERROR(VLOOKUP($A8&"|Dec",Lists!$J:$L,3,FALSE),0))
A9: Dev 2 | B9: Project E | C9: Oct | D9: Dec | E9: =IFERROR(VLOOKUP($B3,Projects!$A$2:$G$50,4,FALSE),"") | F9: =IFERROR(VLOOKUP($B3,Projects!$A$2:$G$50,5,FALSE),"") | G9: =SUM(H9:S9) | Q9: 0.75 | R9: 0.5 | S9: 1 | T9: =IF($A9="","",VLOOKUP($A9,DevRateTable,3,FALSE)) | U9: =IF(I9="","",I9*IFERROR(VLOOKUP($A9&"|Feb",Lists!$J:$L,2,FALSE),0)*IFERROR(VLOOKUP($A9&"|Feb",Lists!$J:$L,3,FALSE),0)) | V9: =IF(J9="","",J9*IFERROR(VLOOKUP($A9&"|Mar",Lists!$J:$L,2,FALSE),0)*IFERROR(VLOOKUP($A9&"|Mar",Lists!$J:$L,3,FALSE),0)) | W9: =IF(K9="","",K9*IFERROR(VLOOKUP($A9&"|Apr",Lists!$J:$L,2,FALSE),0)*IFERROR(VLOOKUP($A9&"|Apr",Lists!$J:$L,3,FALSE),0)) | X9: =IF(L9="","",L9*IFERROR(VLOOKUP($A9&"|May",Lists!$J:$L,2,FALSE),0)*IFERROR(VLOOKUP($A9&"|May",Lists!$J:$L,3,FALSE),0)) | Y9: =IF(M9="","",M9*IFERROR(VLOOKUP($A9&"|Jun",Lists!$J:$L,2,FALSE),0)*IFERROR(VLOOKUP($A9&"|Jun",Lists!$J:$L,3,FALSE),0)) | Z9: =IF(N9="","",N9*IFERROR(VLOOKUP($A9&"|Jul",Lists!$J:$L,2,FALSE),0)*IFERROR(VLOOKUP($A9&"|Jul",Lists!$J:$L,3,FALSE),0)) | AA9: =IF(O9="","",O9*IFERROR(VLOOKUP($A9&"|Aug",Lists!$J:$L,2,FALSE),0)*IFERROR(VLOOKUP($A9&"|Aug",Lists!$J:$L,3,FALSE),0)) | AB9: =IF(P9="","",P9*IFERROR(VLOOKUP($A9&"|Sep",Lists!$J:$L,2,FALSE),0)*IFERROR(VLOOKUP($A9&"|Sep",Lists!$J:$L,3,FALSE),0)) | AC9: =IF(Q9="","",Q9*IFERROR(VLOOKUP($A9&"|Oct",Lists!$J:$L,2,FALSE),0)*IFERROR(VLOOKUP($A9&"|Oct",Lists!$J:$L,3,FALSE),0)) | AD9: =IF(R9="","",R9*IFERROR(VLOOKUP($A9&"|Nov",Lists!$J:$L,2,FALSE),0)*IFERROR(VLOOKUP($A9&"|Nov",Lists!$J:$L,3,FALSE),0)) | AE9: =IF(S9="","",S9*IFERROR(VLOOKUP($A9&"|Dec",Lists!$J:$L,2,FALSE),0)*IFERROR(VLOOKUP($A9&"|Dec",Lists!$J:$L,3,FALSE),0))
A10: Dev 2 | B10: Project F | C10: Aug | D10: Nov | E10: =IFERROR(VLOOKUP($B3,Projects!$A$2:$G$50,4,FALSE),"") | F10: =IFERROR(VLOOKUP($B3,Projects!$A$2:$G$50,5,FALSE),"") | G10: =SUM(H10:S10) | O10: 0.25 | P10: 0.25 | Q10: 0.5 | R10: 0.75 | T10: =IF($A10="","",VLOOKUP($A10,DevRateTable,3,FALSE)) | U10: =IF(I10="","",I10*IFERROR(VLOOKUP($A10&"|Feb",Lists!$J:$L,2,FALSE),0)*IFERROR(VLOOKUP($A10&"|Feb",Lists!$J:$L,3,FALSE),0)) | V10: =IF(J10="","",J10*IFERROR(VLOOKUP($A10&"|Mar",Lists!$J:$L,2,FALSE),0)*IFERROR(VLOOKUP($A10&"|Mar",Lists!$J:$L,3,FALSE),0)) | W10: =IF(K10="","",K10*IFERROR(VLOOKUP($A10&"|Apr",Lists!$J:$L,2,FALSE),0)*IFERROR(VLOOKUP($A10&"|Apr",Lists!$J:$L,3,FALSE),0)) | X10: =IF(L10="","",L10*IFERROR(VLOOKUP($A10&"|May",Lists!$J:$L,2,FALSE),0)*IFERROR(VLOOKUP($A10&"|May",Lists!$J:$L,3,FALSE),0)) | Y10: =IF(M10="","",M10*IFERROR(VLOOKUP($A10&"|Jun",Lists!$J:$L,2,FALSE),0)*IFERROR(VLOOKUP($A10&"|Jun",Lists!$J:$L,3,FALSE),0)) | Z10: =IF(N10="","",N10*IFERROR(VLOOKUP($A10&"|Jul",Lists!$J:$L,2,FALSE),0)*IFERROR(VLOOKUP($A10&"|Jul",Lists!$J:$L,3,FALSE),0)) | AA10: =IF(O10="","",O10*IFERROR(VLOOKUP($A10&"|Aug",Lists!$J:$L,2,FALSE),0)*IFERROR(VLOOKUP($A10&"|Aug",Lists!$J:$L,3,FALSE),0)) | AB10: =IF(P10="","",P10*IFERROR(VLOOKUP($A10&"|Sep",Lists!$J:$L,2,FALSE),0)*IFERROR(VLOOKUP($A10&"|Sep",Lists!$J:$L,3,FALSE),0)) | AC10: =IF(Q10="","",Q10*IFERROR(VLOOKUP($A10&"|Oct",Lists!$J:$L,2,FALSE),0)*IFERROR(VLOOKUP($A10&"|Oct",Lists!$J:$L,3,FALSE),0)) | AD10: =IF(R10="","",R10*IFERROR(VLOOKUP($A10&"|Nov",Lists!$J:$L,2,FALSE),0)*IFERROR(VLOOKUP($A10&"|Nov",Lists!$J:$L,3,FALSE),0)) | AE10: =IF(S10="","",S10*IFERROR(VLOOKUP($A10&"|Dec",Lists!$J:$L,2,FALSE),0)*IFERROR(VLOOKUP($A10&"|Dec",Lists!$J:$L,3,FALSE),0))
C11: =IFERROR(VLOOKUP($B11,Projects!$A$2:$G$50,2,FALSE),"") | D11: =IFERROR(VLOOKUP($B11,Projects!$A$2:$G$50,3,FALSE),"") | E11: =IFERROR(VLOOKUP($B11,Projects!$A$2:$G$50,4,FALSE),"") | F11: =IFERROR(VLOOKUP($B11,Projects!$A$2:$G$50,5,FALSE),"") | G11: =SUM(H11:S11) | T11: =IF($A11="","",VLOOKUP($A11,DevRateTable,3,FALSE)) | U11: =IF(I11="","",I11*IFERROR(VLOOKUP($A11&"|Feb",Lists!$J:$L,2,FALSE),0)*IFERROR(VLOOKUP($A11&"|Feb",Lists!$J:$L,3,FALSE),0)) | V11: =IF(J11="","",J11*IFERROR(VLOOKUP($A11&"|Mar",Lists!$J:$L,2,FALSE),0)*IFERROR(VLOOKUP($A11&"|Mar",Lists!$J:$L,3,FALSE),0)) | W11: =IF(K11="","",K11*IFERROR(VLOOKUP($A11&"|Apr",Lists!$J:$L,2,FALSE),0)*IFERROR(VLOOKUP($A11&"|Apr",Lists!$J:$L,3,FALSE),0)) | X11: =IF(L11="","",L11*IFERROR(VLOOKUP($A11&"|May",Lists!$J:$L,2,FALSE),0)*IFERROR(VLOOKUP($A11&"|May",Lists!$J:$L,3,FALSE),0)) | Y11: =IF(M11="","",M11*IFERROR(VLOOKUP($A11&"|Jun",Lists!$J:$L,2,FALSE),0)*IFERROR(VLOOKUP($A11&"|Jun",Lists!$J:$L,3,FALSE),0)) | Z11: =IF(N11="","",N11*IFERROR(VLOOKUP($A11&"|Jul",Lists!$J:$L,2,FALSE),0)*IFERROR(VLOOKUP($A11&"|Jul",Lists!$J:$L,3,FALSE),0)) | AA11: =IF(O11="","",O11*IFERROR(VLOOKUP($A11&"|Aug",Lists!$J:$L,2,FALSE),0)*IFERROR(VLOOKUP($A11&"|Aug",Lists!$J:$L,3,FALSE),0)) | AB11: =IF(P11="","",P11*IFERROR(VLOOKUP($A11&"|Sep",Lists!$J:$L,2,FALSE),0)*IFERROR(VLOOKUP($A11&"|Sep",Lists!$J:$L,3,FALSE),0)) | AC11: =IF(Q11="","",Q11*IFERROR(VLOOKUP($A11&"|Oct",Lists!$J:$L,2,FALSE),0)*IFERROR(VLOOKUP($A11&"|Oct",Lists!$J:$L,3,FALSE),0)) | AD11: =IF(R11="","",R11*IFERROR(VLOOKUP($A11&"|Nov",Lists!$J:$L,2,FALSE),0)*IFERROR(VLOOKUP($A11&"|Nov",Lists!$J:$L,3,FALSE),0)) | AE11: =IF(S11="","",S11*IFERROR(VLOOKUP($A11&"|Dec",Lists!$J:$L,2,FALSE),0)*IFERROR(VLOOKUP($A11&"|Dec",Lists!$J:$L,3,FALSE),0))
C12: =IFERROR(VLOOKUP($B12,Projects!$A$2:$G$50,2,FALSE),"") | D12: =IFERROR(VLOOKUP($B12,Projects!$A$2:$G$50,3,FALSE),"") | E12: =IFERROR(VLOOKUP($B12,Projects!$A$2:$G$50,4,FALSE),"") | F12: =IFERROR(VLOOKUP($B12,Projects!$A$2:$G$50,5,FALSE),"") | G12: =SUM(H12:S12) | T12: =IF($A12="","",VLOOKUP($A12,DevRateTable,3,FALSE)) | U12: =IF(I12="","",I12*IFERROR(VLOOKUP($A12&"|Feb",Lists!$J:$L,2,FALSE),0)*IFERROR(VLOOKUP($A12&"|Feb",Lists!$J:$L,3,FALSE),0)) | V12: =IF(J12="","",J12*IFERROR(VLOOKUP($A12&"|Mar",Lists!$J:$L,2,FALSE),0)*IFERROR(VLOOKUP($A12&"|Mar",Lists!$J:$L,3,FALSE),0)) | W12: =IF(K12="","",K12*IFERROR(VLOOKUP($A12&"|Apr",Lists!$J:$L,2,FALSE),0)*IFERROR(VLOOKUP($A12&"|Apr",Lists!$J:$L,3,FALSE),0)) | X12: =IF(L12="","",L12*IFERROR(VLOOKUP($A12&"|May",Lists!$J:$L,2,FALSE),0)*IFERROR(VLOOKUP($A12&"|May",Lists!$J:$L,3,FALSE),0)) | Y12: =IF(M12="","",M12*IFERROR(VLOOKUP($A12&"|Jun",Lists!$J:$L,2,FALSE),0)*IFERROR(VLOOKUP($A12&"|Jun",Lists!$J:$L,3,FALSE),0)) | Z12: =IF(N12="","",N12*IFERROR(VLOOKUP($A12&"|Jul",Lists!$J:$L,2,FALSE),0)*IFERROR(VLOOKUP($A12&"|Jul",Lists!$J:$L,3,FALSE),0)) | AA12: =IF(O12="","",O12*IFERROR(VLOOKUP($A12&"|Aug",Lists!$J:$L,2,FALSE),0)*IFERROR(VLOOKUP($A12&"|Aug",Lists!$J:$L,3,FALSE),0)) | AB12: =IF(P12="","",P12*IFERROR(VLOOKUP($A12&"|Sep",Lists!$J:$L,2,FALSE),0)*IFERROR(VLOOKUP($A12&"|Sep",Lists!$J:$L,3,FALSE),0)) | AC12: =IF(Q12="","",Q12*IFERROR(VLOOKUP($A12&"|Oct",Lists!$J:$L,2,FALSE),0)*IFERROR(VLOOKUP($A12&"|Oct",Lists!$J:$L,3,FALSE),0)) | AD12: =IF(R12="","",R12*IFERROR(VLOOKUP($A12&"|Nov",Lists!$J:$L,2,FALSE),0)*IFERROR(VLOOKUP($A12&"|Nov",Lists!$J:$L,3,FALSE),0)) | AE12: =IF(S12="","",S12*IFERROR(VLOOKUP($A12&"|Dec",Lists!$J:$L,2,FALSE),0)*IFERROR(VLOOKUP($A12&"|Dec",Lists!$J:$L,3,FALSE),0))
C13: =IFERROR(VLOOKUP($B13,Projects!$A$2:$G$50,2,FALSE),"") | D13: =IFERROR(VLOOKUP($B13,Projects!$A$2:$G$50,3,FALSE),"") | E13: =IFERROR(VLOOKUP($B13,Projects!$A$2:$G$50,4,FALSE),"") | F13: =IFERROR(VLOOKUP($B13,Projects!$A$2:$G$50,5,FALSE),"") | G13: =SUM(H13:S13) | T13: =IF($A13="","",VLOOKUP($A13,DevRateTable,3,FALSE)) | U13: =IF(I13="","",I13*IFERROR(VLOOKUP($A13&"|Feb",Lists!$J:$L,2,FALSE),0)*IFERROR(VLOOKUP($A13&"|Feb",Lists!$J:$L,3,FALSE),0)) | V13: =IF(J13="","",J13*IFERROR(VLOOKUP($A13&"|Mar",Lists!$J:$L,2,FALSE),0)*IFERROR(VLOOKUP($A13&"|Mar",Lists!$J:$L,3,FALSE),0)) | W13: =IF(K13="","",K13*IFERROR(VLOOKUP($A13&"|Apr",Lists!$J:$L,2,FALSE),0)*IFERROR(VLOOKUP($A13&"|Apr",Lists!$J:$L,3,FALSE),0)) | X13: =IF(L13="","",L13*IFERROR(VLOOKUP($A13&"|May",Lists!$J:$L,2,FALSE),0)*IFERROR(VLOOKUP($A13&"|May",Lists!$J:$L,3,FALSE),0)) | Y13: =IF(M13="","",M13*IFERROR(VLOOKUP($A13&"|Jun",Lists!$J:$L,2,FALSE),0)*IFERROR(VLOOKUP($A13&"|Jun",Lists!$J:$L,3,FALSE),0)) | Z13: =IF(N13="","",N13*IFERROR(VLOOKUP($A13&"|Jul",Lists!$J:$L,2,FALSE),0)*IFERROR(VLOOKUP($A13&"|Jul",Lists!$J:$L,3,FALSE),0)) | AA13: =IF(O13="","",O13*IFERROR(VLOOKUP($A13&"|Aug",Lists!$J:$L,2,FALSE),0)*IFERROR(VLOOKUP($A13&"|Aug",Lists!$J:$L,3,FALSE),0)) | AB13: =IF(P13="","",P13*IFERROR(VLOOKUP($A13&"|Sep",Lists!$J:$L,2,FALSE),0)*IFERROR(VLOOKUP($A13&"|Sep",Lists!$J:$L,3,FALSE),0)) | AC13: =IF(Q13="","",Q13*IFERROR(VLOOKUP($A13&"|Oct",Lists!$J:$L,2,FALSE),0)*IFERROR(VLOOKUP($A13&"|Oct",Lists!$J:$L,3,FALSE),0)) | AD13: =IF(R13="","",R13*IFERROR(VLOOKUP($A13&"|Nov",Lists!$J:$L,2,FALSE),0)*IFERROR(VLOOKUP($A13&"|Nov",Lists!$J:$L,3,FALSE),0)) | AE13: =IF(S13="","",S13*IFERROR(VLOOKUP($A13&"|Dec",Lists!$J:$L,2,FALSE),0)*IFERROR(VLOOKUP($A13&"|Dec",Lists!$J:$L,3,FALSE),0))
C14: =IFERROR(VLOOKUP($B14,Projects!$A$2:$G$50,2,FALSE),"") | D14: =IFERROR(VLOOKUP($B14,Projects!$A$2:$G$50,3,FALSE),"") | E14: =IFERROR(VLOOKUP($B14,Projects!$A$2:$G$50,4,FALSE),"") | F14: =IFERROR(VLOOKUP($B14,Projects!$A$2:$G$50,5,FALSE),"") | G14: =SUM(H14:S14) | T14: =IF($A14="","",VLOOKUP($A14,DevRateTable,3,FALSE)) | U14: =IF(I14="","",I14*IFERROR(VLOOKUP($A14&"|Feb",Lists!$J:$L,2,FALSE),0)*IFERROR(VLOOKUP($A14&"|Feb",Lists!$J:$L,3,FALSE),0)) | V14: =IF(J14="","",J14*IFERROR(VLOOKUP($A14&"|Mar",Lists!$J:$L,2,FALSE),0)*IFERROR(VLOOKUP($A14&"|Mar",Lists!$J:$L,3,FALSE),0)) | W14: =IF(K14="","",K14*IFERROR(VLOOKUP($A14&"|Apr",Lists!$J:$L,2,FALSE),0)*IFERROR(VLOOKUP($A14&"|Apr",Lists!$J:$L,3,FALSE),0)) | X14: =IF(L14="","",L14*IFERROR(VLOOKUP($A14&"|May",Lists!$J:$L,2,FALSE),0)*IFERROR(VLOOKUP($A14&"|May",Lists!$J:$L,3,FALSE),0)) | Y14: =IF(M14="","",M14*IFERROR(VLOOKUP($A14&"|Jun",Lists!$J:$L,2,FALSE),0)*IFERROR(VLOOKUP($A14&"|Jun",Lists!$J:$L,3,FALSE),0)) | Z14: =IF(N14="","",N14*IFERROR(VLOOKUP($A14&"|Jul",Lists!$J:$L,2,FALSE),0)*IFERROR(VLOOKUP($A14&"|Jul",Lists!$J:$L,3,FALSE),0)) | AA14: =IF(O14="","",O14*IFERROR(VLOOKUP($A14&"|Aug",Lists!$J:$L,2,FALSE),0)*IFERROR(VLOOKUP($A14&"|Aug",Lists!$J:$L,3,FALSE),0)) | AB14: =IF(P14="","",P14*IFERROR(VLOOKUP($A14&"|Sep",Lists!$J:$L,2,FALSE),0)*IFERROR(VLOOKUP($A14&"|Sep",Lists!$J:$L,3,FALSE),0)) | AC14: =IF(Q14="","",Q14*IFERROR(VLOOKUP($A14&"|Oct",Lists!$J:$L,2,FALSE),0)*IFERROR(VLOOKUP($A14&"|Oct",Lists!$J:$L,3,FALSE),0)) | AD14: =IF(R14="","",R14*IFERROR(VLOOKUP($A14&"|Nov",Lists!$J:$L,2,FALSE),0)*IFERROR(VLOOKUP($A14&"|Nov",Lists!$J:$L,3,FALSE),0)) | AE14: =IF(S14="","",S14*IFERROR(VLOOKUP($A14&"|Dec",Lists!$J:$L,2,FALSE),0)*IFERROR(VLOOKUP($A14&"|Dec",Lists!$J:$L,3,FALSE),0))
C15: =IFERROR(VLOOKUP($B15,Projects!$A$2:$G$50,2,FALSE),"") | D15: =IFERROR(VLOOKUP($B15,Projects!$A$2:$G$50,3,FALSE),"") | E15: =IFERROR(VLOOKUP($B15,Projects!$A$2:$G$50,4,FALSE),"") | F15: =IFERROR(VLOOKUP($B15,Projects!$A$2:$G$50,5,FALSE),"") | G15: =SUM(H15:S15) | T15: =IF($A15="","",VLOOKUP($A15,DevRateTable,3,FALSE)) | U15: =IF(I15="","",I15*IFERROR(VLOOKUP($A15&"|Feb",Lists!$J:$L,2,FALSE),0)*IFERROR(VLOOKUP($A15&"|Feb",Lists!$J:$L,3,FALSE),0)) | V15: =IF(J15="","",J15*IFERROR(VLOOKUP($A15&"|Mar",Lists!$J:$L,2,FALSE),0)*IFERROR(VLOOKUP($A15&"|Mar",Lists!$J:$L,3,FALSE),0)) | W15: =IF(K15="","",K15*IFERROR(VLOOKUP($A15&"|Apr",Lists!$J:$L,2,FALSE),0)*IFERROR(VLOOKUP($A15&"|Apr",Lists!$J:$L,3,FALSE),0)) | X15: =IF(L15="","",L15*IFERROR(VLOOKUP($A15&"|May",Lists!$J:$L,2,FALSE),0)*IFERROR(VLOOKUP($A15&"|May",Lists!$J:$L,3,FALSE),0)) | Y15: =IF(M15="","",M15*IFERROR(VLOOKUP($A15&"|Jun",Lists!$J:$L,2,FALSE),0)*IFERROR(VLOOKUP($A15&"|Jun",Lists!$J:$L,3,FALSE),0)) | Z15: =IF(N15="","",N15*IFERROR(VLOOKUP($A15&"|Jul",Lists!$J:$L,2,FALSE),0)*IFERROR(VLOOKUP($A15&"|Jul",Lists!$J:$L,3,FALSE),0)) | AA15: =IF(O15="","",O15*IFERROR(VLOOKUP($A15&"|Aug",Lists!$J:$L,2,FALSE),0)*IFERROR(VLOOKUP($A15&"|Aug",Lists!$J:$L,3,FALSE),0)) | AB15: =IF(P15="","",P15*IFERROR(VLOOKUP($A15&"|Sep",Lists!$J:$L,2,FALSE),0)*IFERROR(VLOOKUP($A15&"|Sep",Lists!$J:$L,3,FALSE),0)) | AC15: =IF(Q15="","",Q15*IFERROR(VLOOKUP($A15&"|Oct",Lists!$J:$L,2,FALSE),0)*IFERROR(VLOOKUP($A15&"|Oct",Lists!$J:$L,3,FALSE),0)) | AD15: =IF(R15="","",R15*IFERROR(VLOOKUP($A15&"|Nov",Lists!$J:$L,2,FALSE),0)*IFERROR(VLOOKUP($A15&"|Nov",Lists!$J:$L,3,FALSE),0)) | AE15: =IF(S15="","",S15*IFERROR(VLOOKUP($A15&"|Dec",Lists!$J:$L,2,FALSE),0)*IFERROR(VLOOKUP($A15&"|Dec",Lists!$J:$L,3,FALSE),0))
C16: =IFERROR(VLOOKUP($B16,Projects!$A$2:$G$50,2,FALSE),"") | D16: =IFERROR(VLOOKUP($B16,Projects!$A$2:$G$50,3,FALSE),"") | E16: =IFERROR(VLOOKUP($B16,Projects!$A$2:$G$50,4,FALSE),"") | F16: =IFERROR(VLOOKUP($B16,Projects!$A$2:$G$50,5,FALSE),"") | G16: =SUM(H16:S16) | T16: =IF($A16="","",VLOOKUP($A16,DevRateTable,3,FALSE)) | U16: =IF(I16="","",I16*IFERROR(VLOOKUP($A16&"|Feb",Lists!$J:$L,2,FALSE),0)*IFERROR(VLOOKUP($A16&"|Feb",Lists!$J:$L,3,FALSE),0)) | V16: =IF(J16="","",J16*IFERROR(VLOOKUP($A16&"|Mar",Lists!$J:$L,2,FALSE),0)*IFERROR(VLOOKUP($A16&"|Mar",Lists!$J:$L,3,FALSE),0)) | W16: =IF(K16="","",K16*IFERROR(VLOOKUP($A16&"|Apr",Lists!$J:$L,2,FALSE),0)*IFERROR(VLOOKUP($A16&"|Apr",Lists!$J:$L,3,FALSE),0)) | X16: =IF(L16="","",L16*IFERROR(VLOOKUP($A16&"|May",Lists!$J:$L,2,FALSE),0)*IFERROR(VLOOKUP($A16&"|May",Lists!$J:$L,3,FALSE),0)) | Y16: =IF(M16="","",M16*IFERROR(VLOOKUP($A16&"|Jun",Lists!$J:$L,2,FALSE),0)*IFERROR(VLOOKUP($A16&"|Jun",Lists!$J:$L,3,FALSE),0)) | Z16: =IF(N16="","",N16*IFERROR(VLOOKUP($A16&"|Jul",Lists!$J:$L,2,FALSE),0)*IFERROR(VLOOKUP($A16&"|Jul",Lists!$J:$L,3,FALSE),0)) | AA16: =IF(O16="","",O16*IFERROR(VLOOKUP($A16&"|Aug",Lists!$J:$L,2,FALSE),0)*IFERROR(VLOOKUP($A16&"|Aug",Lists!$J:$L,3,FALSE),0)) | AB16: =IF(P16="","",P16*IFERROR(VLOOKUP($A16&"|Sep",Lists!$J:$L,2,FALSE),0)*IFERROR(VLOOKUP($A16&"|Sep",Lists!$J:$L,3,FALSE),0)) | AC16: =IF(Q16="","",Q16*IFERROR(VLOOKUP($A16&"|Oct",Lists!$J:$L,2,FALSE),0)*IFERROR(VLOOKUP($A16&"|Oct",Lists!$J:$L,3,FALSE),0)) | AD16: =IF(R16="","",R16*IFERROR(VLOOKUP($A16&"|Nov",Lists!$J:$L,2,FALSE),0)*IFERROR(VLOOKUP($A16&"|Nov",Lists!$J:$L,3,FALSE),0)) | AE16: =IF(S16="","",S16*IFERROR(VLOOKUP($A16&"|Dec",Lists!$J:$L,2,FALSE),0)*IFERROR(VLOOKUP($A16&"|Dec",Lists!$J:$L,3,FALSE),0))
C17: =IFERROR(VLOOKUP($B17,Projects!$A$2:$G$50,2,FALSE),"") | D17: =IFERROR(VLOOKUP($B17,Projects!$A$2:$G$50,3,FALSE),"") | E17: =IFERROR(VLOOKUP($B17,Projects!$A$2:$G$50,4,FALSE),"") | F17: =IFERROR(VLOOKUP($B17,Projects!$A$2:$G$50,5,FALSE),"") | G17: =SUM(H17:S17) | T17: =IF($A17="","",VLOOKUP($A17,DevRateTable,3,FALSE)) | U17: =IF(I17="","",I17*IFERROR(VLOOKUP($A17&"|Feb",Lists!$J:$L,2,FALSE),0)*IFERROR(VLOOKUP($A17&"|Feb",Lists!$J:$L,3,FALSE),0)) | V17: =IF(J17="","",J17*IFERROR(VLOOKUP($A17&"|Mar",Lists!$J:$L,2,FALSE),0)*IFERROR(VLOOKUP($A17&"|Mar",Lists!$J:$L,3,FALSE),0)) | W17: =IF(K17="","",K17*IFERROR(VLOOKUP($A17&"|Apr",Lists!$J:$L,2,FALSE),0)*IFERROR(VLOOKUP($A17&"|Apr",Lists!$J:$L,3,FALSE),0)) | X17: =IF(L17="","",L17*IFERROR(VLOOKUP($A17&"|May",Lists!$J:$L,2,FALSE),0)*IFERROR(VLOOKUP($A17&"|May",Lists!$J:$L,3,FALSE),0)) | Y17: =IF(M17="","",M17*IFERROR(VLOOKUP($A17&"|Jun",Lists!$J:$L,2,FALSE),0)*IFERROR(VLOOKUP($A17&"|Jun",Lists!$J:$L,3,FALSE),0)) | Z17: =IF(N17="","",N17*IFERROR(VLOOKUP($A17&"|Jul",Lists!$J:$L,2,FALSE),0)*IFERROR(VLOOKUP($A17&"|Jul",Lists!$J:$L,3,FALSE),0)) | AA17: =IF(O17="","",O17*IFERROR(VLOOKUP($A17&"|Aug",Lists!$J:$L,2,FALSE),0)*IFERROR(VLOOKUP($A17&"|Aug",Lists!$J:$L,3,FALSE),0)) | AB17: =IF(P17="","",P17*IFERROR(VLOOKUP($A17&"|Sep",Lists!$J:$L,2,FALSE),0)*IFERROR(VLOOKUP($A17&"|Sep",Lists!$J:$L,3,FALSE),0)) | AC17: =IF(Q17="","",Q17*IFERROR(VLOOKUP($A17&"|Oct",Lists!$J:$L,2,FALSE),0)*IFERROR(VLOOKUP($A17&"|Oct",Lists!$J:$L,3,FALSE),0)) | AD17: =IF(R17="","",R17*IFERROR(VLOOKUP($A17&"|Nov",Lists!$J:$L,2,FALSE),0)*IFERROR(VLOOKUP($A17&"|Nov",Lists!$J:$L,3,FALSE),0)) | AE17: =IF(S17="","",S17*IFERROR(VLOOKUP($A17&"|Dec",Lists!$J:$L,2,FALSE),0)*IFERROR(VLOOKUP($A17&"|Dec",Lists!$J:$L,3,FALSE),0))
C18: =IFERROR(VLOOKUP($B18,Projects!$A$2:$G$50,2,FALSE),"") | D18: =IFERROR(VLOOKUP($B18,Projects!$A$2:$G$50,3,FALSE),"") | E18: =IFERROR(VLOOKUP($B18,Projects!$A$2:$G$50,4,FALSE),"") | F18: =IFERROR(VLOOKUP($B18,Projects!$A$2:$G$50,5,FALSE),"") | G18: =SUM(H18:S18) | T18: =IF($A18="","",VLOOKUP($A18,DevRateTable,3,FALSE)) | U18: =IF(I18="","",I18*IFERROR(VLOOKUP($A18&"|Feb",Lists!$J:$L,2,FALSE),0)*IFERROR(VLOOKUP($A18&"|Feb",Lists!$J:$L,3,FALSE),0)) | V18: =IF(J18="","",J18*IFERROR(VLOOKUP($A18&"|Mar",Lists!$J:$L,2,FALSE),0)*IFERROR(VLOOKUP($A18&"|Mar",Lists!$J:$L,3,FALSE),0)) | W18: =IF(K18="","",K18*IFERROR(VLOOKUP($A18&"|Apr",Lists!$J:$L,2,FALSE),0)*IFERROR(VLOOKUP($A18&"|Apr",Lists!$J:$L,3,FALSE),0)) | X18: =IF(L18="","",L18*IFERROR(VLOOKUP($A18&"|May",Lists!$J:$L,2,FALSE),0)*IFERROR(VLOOKUP($A18&"|May",Lists!$J:$L,3,FALSE),0)) | Y18: =IF(M18="","",M18*IFERROR(VLOOKUP($A18&"|Jun",Lists!$J:$L,2,FALSE),0)*IFERROR(VLOOKUP($A18&"|Jun",Lists!$J:$L,3,FALSE),0)) | Z18: =IF(N18="","",N18*IFERROR(VLOOKUP($A18&"|Jul",Lists!$J:$L,2,FALSE),0)*IFERROR(VLOOKUP($A18&"|Jul",Lists!$J:$L,3,FALSE),0)) | AA18: =IF(O18="","",O18*IFERROR(VLOOKUP($A18&"|Aug",Lists!$J:$L,2,FALSE),0)*IFERROR(VLOOKUP($A18&"|Aug",Lists!$J:$L,3,FALSE),0)) | AB18: =IF(P18="","",P18*IFERROR(VLOOKUP($A18&"|Sep",Lists!$J:$L,2,FALSE),0)*IFERROR(VLOOKUP($A18&"|Sep",Lists!$J:$L,3,FALSE),0)) | AC18: =IF(Q18="","",Q18*IFERROR(VLOOKUP($A18&"|Oct",Lists!$J:$L,2,FALSE),0)*IFERROR(VLOOKUP($A18&"|Oct",Lists!$J:$L,3,FALSE),0)) | AD18: =IF(R18="","",R18*IFERROR(VLOOKUP($A18&"|Nov",Lists!$J:$L,2,FALSE),0)*IFERROR(VLOOKUP($A18&"|Nov",Lists!$J:$L,3,FALSE),0)) | AE18: =IF(S18="","",S18*IFERROR(VLOOKUP($A18&"|Dec",Lists!$J:$L,2,FALSE),0)*IFERROR(VLOOKUP($A18&"|Dec",Lists!$J:$L,3,FALSE),0))
C19: =IFERROR(VLOOKUP($B19,Projects!$A$2:$G$50,2,FALSE),"") | D19: =IFERROR(VLOOKUP($B19,Projects!$A$2:$G$50,3,FALSE),"") | E19: =IFERROR(VLOOKUP($B19,Projects!$A$2:$G$50,4,FALSE),"") | F19: =IFERROR(VLOOKUP($B19,Projects!$A$2:$G$50,5,FALSE),"") | G19: =SUM(H19:S19) | T19: =IF($A19="","",VLOOKUP($A19,DevRateTable,3,FALSE)) | U19: =IF(I19="","",I19*IFERROR(VLOOKUP($A19&"|Feb",Lists!$J:$L,2,FALSE),0)*IFERROR(VLOOKUP($A19&"|Feb",Lists!$J:$L,3,FALSE),0)) | V19: =IF(J19="","",J19*IFERROR(VLOOKUP($A19&"|Mar",Lists!$J:$L,2,FALSE),0)*IFERROR(VLOOKUP($A19&"|Mar",Lists!$J:$L,3,FALSE),0)) | W19: =IF(K19="","",K19*IFERROR(VLOOKUP($A19&"|Apr",Lists!$J:$L,2,FALSE),0)*IFERROR(VLOOKUP($A19&"|Apr",Lists!$J:$L,3,FALSE),0)) | X19: =IF(L19="","",L19*IFERROR(VLOOKUP($A19&"|May",Lists!$J:$L,2,FALSE),0)*IFERROR(VLOOKUP($A19&"|May",Lists!$J:$L,3,FALSE),0)) | Y19: =IF(M19="","",M19*IFERROR(VLOOKUP($A19&"|Jun",Lists!$J:$L,2,FALSE),0)*IFERROR(VLOOKUP($A19&"|Jun",Lists!$J:$L,3,FALSE),0)) | Z19: =IF(N19="","",N19*IFERROR(VLOOKUP($A19&"|Jul",Lists!$J:$L,2,FALSE),0)*IFERROR(VLOOKUP($A19&"|Jul",Lists!$J:$L,3,FALSE),0)) | AA19: =IF(O19="","",O19*IFERROR(VLOOKUP($A19&"|Aug",Lists!$J:$L,2,FALSE),0)*IFERROR(VLOOKUP($A19&"|Aug",Lists!$J:$L,3,FALSE),0)) | AB19: =IF(P19="","",P19*IFERROR(VLOOKUP($A19&"|Sep",Lists!$J:$L,2,FALSE),0)*IFERROR(VLOOKUP($A19&"|Sep",Lists!$J:$L,3,FALSE),0)) | AC19: =IF(Q19="","",Q19*IFERROR(VLOOKUP($A19&"|Oct",Lists!$J:$L,2,FALSE),0)*IFERROR(VLOOKUP($A19&"|Oct",Lists!$J:$L,3,FALSE),0)) | AD19: =IF(R19="","",R19*IFERROR(VLOOKUP($A19&"|Nov",Lists!$J:$L,2,FALSE),0)*IFERROR(VLOOKUP($A19&"|Nov",Lists!$J:$L,3,FALSE),0)) | AE19: =IF(S19="","",S19*IFERROR(VLOOKUP($A19&"|Dec",Lists!$J:$L,2,FALSE),0)*IFERROR(VLOOKUP($A19&"|Dec",Lists!$J:$L,3,FALSE),0))
C20: =IFERROR(VLOOKUP($B20,Projects!$A$2:$G$50,2,FALSE),"") | D20: =IFERROR(VLOOKUP($B20,Projects!$A$2:$G$50,3,FALSE),"") | E20: =IFERROR(VLOOKUP($B20,Projects!$A$2:$G$50,4,FALSE),"") | F20: =IFERROR(VLOOKUP($B20,Projects!$A$2:$G$50,5,FALSE),"") | G20: =SUM(H20:S20) | T20: =IF($A20="","",VLOOKUP($A20,DevRateTable,3,FALSE)) | U20: =IF(I20="","",I20*IFERROR(VLOOKUP($A20&"|Feb",Lists!$J:$L,2,FALSE),0)*IFERROR(VLOOKUP($A20&"|Feb",Lists!$J:$L,3,FALSE),0)) | V20: =IF(J20="","",J20*IFERROR(VLOOKUP($A20&"|Mar",Lists!$J:$L,2,FALSE),0)*IFERROR(VLOOKUP($A20&"|Mar",Lists!$J:$L,3,FALSE),0)) | W20: =IF(K20="","",K20*IFERROR(VLOOKUP($A20&"|Apr",Lists!$J:$L,2,FALSE),0)*IFERROR(VLOOKUP($A20&"|Apr",Lists!$J:$L,3,FALSE),0)) | X20: =IF(L20="","",L20*IFERROR(VLOOKUP($A20&"|May",Lists!$J:$L,2,FALSE),0)*IFERROR(VLOOKUP($A20&"|May",Lists!$J:$L,3,FALSE),0)) | Y20: =IF(M20="","",M20*IFERROR(VLOOKUP($A20&"|Jun",Lists!$J:$L,2,FALSE),0)*IFERROR(VLOOKUP($A20&"|Jun",Lists!$J:$L,3,FALSE),0)) | Z20: =IF(N20="","",N20*IFERROR(VLOOKUP($A20&"|Jul",Lists!$J:$L,2,FALSE),0)*IFERROR(VLOOKUP($A20&"|Jul",Lists!$J:$L,3,FALSE),0)) | AA20: =IF(O20="","",O20*IFERROR(VLOOKUP($A20&"|Aug",Lists!$J:$L,2,FALSE),0)*IFERROR(VLOOKUP($A20&"|Aug",Lists!$J:$L,3,FALSE),0)) | AB20: =IF(P20="","",P20*IFERROR(VLOOKUP($A20&"|Sep",Lists!$J:$L,2,FALSE),0)*IFERROR(VLOOKUP($A20&"|Sep",Lists!$J:$L,3,FALSE),0)) | AC20: =IF(Q20="","",Q20*IFERROR(VLOOKUP($A20&"|Oct",Lists!$J:$L,2,FALSE),0)*IFERROR(VLOOKUP($A20&"|Oct",Lists!$J:$L,3,FALSE),0)) | AD20: =IF(R20="","",R20*IFERROR(VLOOKUP($A20&"|Nov",Lists!$J:$L,2,FALSE),0)*IFERROR(VLOOKUP($A20&"|Nov",Lists!$J:$L,3,FALSE),0)) | AE20: =IF(S20="","",S20*IFERROR(VLOOKUP($A20&"|Dec",Lists!$J:$L,2,FALSE),0)*IFERROR(VLOOKUP($A20&"|Dec",Lists!$J:$L,3,FALSE),0))
C21: =IFERROR(VLOOKUP($B21,Projects!$A$2:$G$50,2,FALSE),"") | D21: =IFERROR(VLOOKUP($B21,Projects!$A$2:$G$50,3,FALSE),"") | E21: =IFERROR(VLOOKUP($B21,Projects!$A$2:$G$50,4,FALSE),"") | F21: =IFERROR(VLOOKUP($B21,Projects!$A$2:$G$50,5,FALSE),"") | G21: =SUM(H21:S21) | T21: =IF($A21="","",VLOOKUP($A21,DevRateTable,3,FALSE)) | U21: =IF(I21="","",I21*IFERROR(VLOOKUP($A21&"|Feb",Lists!$J:$L,2,FALSE),0)*IFERROR(VLOOKUP($A21&"|Feb",Lists!$J:$L,3,FALSE),0)) | V21: =IF(J21="","",J21*IFERROR(VLOOKUP($A21&"|Mar",Lists!$J:$L,2,FALSE),0)*IFERROR(VLOOKUP($A21&"|Mar",Lists!$J:$L,3,FALSE),0)) | W21: =IF(K21="","",K21*IFERROR(VLOOKUP($A21&"|Apr",Lists!$J:$L,2,FALSE),0)*IFERROR(VLOOKUP($A21&"|Apr",Lists!$J:$L,3,FALSE),0)) | X21: =IF(L21="","",L21*IFERROR(VLOOKUP($A21&"|May",Lists!$J:$L,2,FALSE),0)*IFERROR(VLOOKUP($A21&"|May",Lists!$J:$L,3,FALSE),0)) | Y21: =IF(M21="","",M21*IFERROR(VLOOKUP($A21&"|Jun",Lists!$J:$L,2,FALSE),0)*IFERROR(VLOOKUP($A21&"|Jun",Lists!$J:$L,3,FALSE),0)) | Z21: =IF(N21="","",N21*IFERROR(VLOOKUP($A21&"|Jul",Lists!$J:$L,2,FALSE),0)*IFERROR(VLOOKUP($A21&"|Jul",Lists!$J:$L,3,FALSE),0)) | AA21: =IF(O21="","",O21*IFERROR(VLOOKUP($A21&"|Aug",Lists!$J:$L,2,FALSE),0)*IFERROR(VLOOKUP($A21&"|Aug",Lists!$J:$L,3,FALSE),0)) | AB21: =IF(P21="","",P21*IFERROR(VLOOKUP($A21&"|Sep",Lists!$J:$L,2,FALSE),0)*IFERROR(VLOOKUP($A21&"|Sep",Lists!$J:$L,3,FALSE),0)) | AC21: =IF(Q21="","",Q21*IFERROR(VLOOKUP($A21&"|Oct",Lists!$J:$L,2,FALSE),0)*IFERROR(VLOOKUP($A21&"|Oct",Lists!$J:$L,3,FALSE),0)) | AD21: =IF(R21="","",R21*IFERROR(VLOOKUP($A21&"|Nov",Lists!$J:$L,2,FALSE),0)*IFERROR(VLOOKUP($A21&"|Nov",Lists!$J:$L,3,FALSE),0)) | AE21: =IF(S21="","",S21*IFERROR(VLOOKUP($A21&"|Dec",Lists!$J:$L,2,FALSE),0)*IFERROR(VLOOKUP($A21&"|Dec",Lists!$J:$L,3,FALSE),0))
C22: =IFERROR(VLOOKUP($B22,Projects!$A$2:$G$50,2,FALSE),"") | D22: =IFERROR(VLOOKUP($B22,Projects!$A$2:$G$50,3,FALSE),"") | E22: =IFERROR(VLOOKUP($B22,Projects!$A$2:$G$50,4,FALSE),"") | F22: =IFERROR(VLOOKUP($B22,Projects!$A$2:$G$50,5,FALSE),"") | G22: =SUM(H22:S22) | T22: =IF($A22="","",VLOOKUP($A22,DevRateTable,3,FALSE)) | U22: =IF(I22="","",I22*IFERROR(VLOOKUP($A22&"|Feb",Lists!$J:$L,2,FALSE),0)*IFERROR(VLOOKUP($A22&"|Feb",Lists!$J:$L,3,FALSE),0)) | V22: =IF(J22="","",J22*IFERROR(VLOOKUP($A22&"|Mar",Lists!$J:$L,2,FALSE),0)*IFERROR(VLOOKUP($A22&"|Mar",Lists!$J:$L,3,FALSE),0)) | W22: =IF(K22="","",K22*IFERROR(VLOOKUP($A22&"|Apr",Lists!$J:$L,2,FALSE),0)*IFERROR(VLOOKUP($A22&"|Apr",Lists!$J:$L,3,FALSE),0)) | X22: =IF(L22="","",L22*IFERROR(VLOOKUP($A22&"|May",Lists!$J:$L,2,FALSE),0)*IFERROR(VLOOKUP($A22&"|May",Lists!$J:$L,3,FALSE),0)) | Y22: =IF(M22="","",M22*IFERROR(VLOOKUP($A22&"|Jun",Lists!$J:$L,2,FALSE),0)*IFERROR(VLOOKUP($A22&"|Jun",Lists!$J:$L,3,FALSE),0)) | Z22: =IF(N22="","",N22*IFERROR(VLOOKUP($A22&"|Jul",Lists!$J:$L,2,FALSE),0)*IFERROR(VLOOKUP($A22&"|Jul",Lists!$J:$L,3,FALSE),0)) | AA22: =IF(O22="","",O22*IFERROR(VLOOKUP($A22&"|Aug",Lists!$J:$L,2,FALSE),0)*IFERROR(VLOOKUP($A22&"|Aug",Lists!$J:$L,3,FALSE),0)) | AB22: =IF(P22="","",P22*IFERROR(VLOOKUP($A22&"|Sep",Lists!$J:$L,2,FALSE),0)*IFERROR(VLOOKUP($A22&"|Sep",Lists!$J:$L,3,FALSE),0)) | AC22: =IF(Q22="","",Q22*IFERROR(VLOOKUP($A22&"|Oct",Lists!$J:$L,2,FALSE),0)*IFERROR(VLOOKUP($A22&"|Oct",Lists!$J:$L,3,FALSE),0)) | AD22: =IF(R22="","",R22*IFERROR(VLOOKUP($A22&"|Nov",Lists!$J:$L,2,FALSE),0)*IFERROR(VLOOKUP($A22&"|Nov",Lists!$J:$L,3,FALSE),0)) | AE22: =IF(S22="","",S22*IFERROR(VLOOKUP($A22&"|Dec",Lists!$J:$L,2,FALSE),0)*IFERROR(VLOOKUP($A22&"|Dec",Lists!$J:$L,3,FALSE),0))
... C52: =IFERROR(VLOOKUP($B52,Projects!$A$2:$G$50,2,FALSE),"") | D52: =IFERROR(VLOOKUP($B52,Projects!$A$2:$G$50,3,FALSE),"") | E52: =IFERROR(VLOOKUP($B52,Projects!$A$2:$G$50,4,FALSE),"") | F52: =IFERROR(VLOOKUP($B52,Projects!$A$2:$G$50,5,FALSE),"") | G52: =SUM(H52:S52) | T52: =IF($A52="","",VLOOKUP($A52,DevRateTable,3,FALSE)) | U52: =IF(I52="","",I52*IFERROR(VLOOKUP($A52&"|Feb",Lists!$J:$L,2,FALSE),0)*IFERROR(VLOOKUP($A52&"|Feb",Lists!$J:$L,3,FALSE),0)) | V52: =IF(J52="","",J52*IFERROR(VLOOKUP($A52&"|Mar",Lists!$J:$L,2,FALSE),0)*IFERROR(VLOOKUP($A52&"|Mar",Lists!$J:$L,3,FALSE),0)) | W52: =IF(K52="","",K52*IFERROR(VLOOKUP($A52&"|Apr",Lists!$J:$L,2,FALSE),0)*IFERROR(VLOOKUP($A52&"|Apr",Lists!$J:$L,3,FALSE),0)) | X52: =IF(L52="","",L52*IFERROR(VLOOKUP($A52&"|May",Lists!$J:$L,2,FALSE),0)*IFERROR(VLOOKUP($A52&"|May",Lists!$J:$L,3,FALSE),0)) | Y52: =IF(M52="","",M52*IFERROR(VLOOKUP($A52&"|Jun",Lists!$J:$L,2,FALSE),0)*IFERROR(VLOOKUP($A52&"|Jun",Lists!$J:$L,3,FALSE),0)) | Z52: =IF(N52="","",N52*IFERROR(VLOOKUP($A52&"|Jul",Lists!$J:$L,2,FALSE),0)*IFERROR(VLOOKUP($A52&"|Jul",Lists!$J:$L,3,FALSE),0)) | AA52: =IF(O52="","",O52*IFERROR(VLOOKUP($A52&"|Aug",Lists!$J:$L,2,FALSE),0)*IFERROR(VLOOKUP($A52&"|Aug",Lists!$J:$L,3,FALSE),0)) | AB52: =IF(P52="","",P52*IFERROR(VLOOKUP($A52&"|Sep",Lists!$J:$L,2,FALSE),0)*IFERROR(VLOOKUP($A52&"|Sep",Lists!$J:$L,3,FALSE),0)) | AC52: =IF(Q52="","",Q52*IFERROR(VLOOKUP($A52&"|Oct",Lists!$J:$L,2,FALSE),0)*IFERROR(VLOOKUP($A52&"|Oct",Lists!$J:$L,3,FALSE),0)) | AD52: =IF(R52="","",R52*IFERROR(VLOOKUP($A52&"|Nov",Lists!$J:$L,2,FALSE),0)*IFERROR(VLOOKUP($A52&"|Nov",Lists!$J:$L,3,FALSE),0)) | AE52: =IF(S52="","",S52*IFERROR(VLOOKUP($A52&"|Dec",Lists!$J:$L,2,FALSE),0)*IFERROR(VLOOKUP($A52&"|Dec",Lists!$J:$L,3,FALSE),0))
T53: =IF($A53="","",VLOOKUP($A53,DevRateTable,3,FALSE)) | U53: =IF(I53="","",I53*IFERROR(VLOOKUP($A53&"|Feb",Lists!$J:$L,2,FALSE),0)*IFERROR(VLOOKUP($A53&"|Feb",Lists!$J:$L,3,FALSE),0)) | V53: =IF(J53="","",J53*IFERROR(VLOOKUP($A53&"|Mar",Lists!$J:$L,2,FALSE),0)*IFERROR(VLOOKUP($A53&"|Mar",Lists!$J:$L,3,FALSE),0)) | W53: =IF(K53="","",K53*IFERROR(VLOOKUP($A53&"|Apr",Lists!$J:$L,2,FALSE),0)*IFERROR(VLOOKUP($A53&"|Apr",Lists!$J:$L,3,FALSE),0)) | X53: =IF(L53="","",L53*IFERROR(VLOOKUP($A53&"|May",Lists!$J:$L,2,FALSE),0)*IFERROR(VLOOKUP($A53&"|May",Lists!$J:$L,3,FALSE),0)) | Y53: =IF(M53="","",M53*IFERROR(VLOOKUP($A53&"|Jun",Lists!$J:$L,2,FALSE),0)*IFERROR(VLOOKUP($A53&"|Jun",Lists!$J:$L,3,FALSE),0)) | Z53: =IF(N53="","",N53*IFERROR(VLOOKUP($A53&"|Jul",Lists!$J:$L,2,FALSE),0)*IFERROR(VLOOKUP($A53&"|Jul",Lists!$J:$L,3,FALSE),0)) | AA53: =IF(O53="","",O53*IFERROR(VLOOKUP($A53&"|Aug",Lists!$J:$L,2,FALSE),0)*IFERROR(VLOOKUP($A53&"|Aug",Lists!$J:$L,3,FALSE),0)) | AB53: =IF(P53="","",P53*IFERROR(VLOOKUP($A53&"|Sep",Lists!$J:$L,2,FALSE),0)*IFERROR(VLOOKUP($A53&"|Sep",Lists!$J:$L,3,FALSE),0)) | AC53: =IF(Q53="","",Q53*IFERROR(VLOOKUP($A53&"|Oct",Lists!$J:$L,2,FALSE),0)*IFERROR(VLOOKUP($A53&"|Oct",Lists!$J:$L,3,FALSE),0)) | AD53: =IF(R53="","",R53*IFERROR(VLOOKUP($A53&"|Nov",Lists!$J:$L,2,FALSE),0)*IFERROR(VLOOKUP($A53&"|Nov",Lists!$J:$L,3,FALSE),0)) | AE53: =IF(S53="","",S53*IFERROR(VLOOKUP($A53&"|Dec",Lists!$J:$L,2,FALSE),0)*IFERROR(VLOOKUP($A53&"|Dec",Lists!$J:$L,3,FALSE),0))
T54: =IF($A54="","",VLOOKUP($A54,DevRateTable,3,FALSE)) | U54: =IF(I54="","",I54*IFERROR(VLOOKUP($A54&"|Feb",Lists!$J:$L,2,FALSE),0)*IFERROR(VLOOKUP($A54&"|Feb",Lists!$J:$L,3,FALSE),0)) | V54: =IF(J54="","",J54*IFERROR(VLOOKUP($A54&"|Mar",Lists!$J:$L,2,FALSE),0)*IFERROR(VLOOKUP($A54&"|Mar",Lists!$J:$L,3,FALSE),0)) | W54: =IF(K54="","",K54*IFERROR(VLOOKUP($A54&"|Apr",Lists!$J:$L,2,FALSE),0)*IFERROR(VLOOKUP($A54&"|Apr",Lists!$J:$L,3,FALSE),0)) | X54: =IF(L54="","",L54*IFERROR(VLOOKUP($A54&"|May",Lists!$J:$L,2,FALSE),0)*IFERROR(VLOOKUP($A54&"|May",Lists!$J:$L,3,FALSE),0)) | Y54: =IF(M54="","",M54*IFERROR(VLOOKUP($A54&"|Jun",Lists!$J:$L,2,FALSE),0)*IFERROR(VLOOKUP($A54&"|Jun",Lists!$J:$L,3,FALSE),0)) | Z54: =IF(N54="","",N54*IFERROR(VLOOKUP($A54&"|Jul",Lists!$J:$L,2,FALSE),0)*IFERROR(VLOOKUP($A54&"|Jul",Lists!$J:$L,3,FALSE),0)) | AA54: =IF(O54="","",O54*IFERROR(VLOOKUP($A54&"|Aug",Lists!$J:$L,2,FALSE),0)*IFERROR(VLOOKUP($A54&"|Aug",Lists!$J:$L,3,FALSE),0)) | AB54: =IF(P54="","",P54*IFERROR(VLOOKUP($A54&"|Sep",Lists!$J:$L,2,FALSE),0)*IFERROR(VLOOKUP($A54&"|Sep",Lists!$J:$L,3,FALSE),0)) | AC54: =IF(Q54="","",Q54*IFERROR(VLOOKUP($A54&"|Oct",Lists!$J:$L,2,FALSE),0)*IFERROR(VLOOKUP($A54&"|Oct",Lists!$J:$L,3,FALSE),0)) | AD54: =IF(R54="","",R54*IFERROR(VLOOKUP($A54&"|Nov",Lists!$J:$L,2,FALSE),0)*IFERROR(VLOOKUP($A54&"|Nov",Lists!$J:$L,3,FALSE),0)) | AE54: =IF(S54="","",S54*IFERROR(VLOOKUP($A54&"|Dec",Lists!$J:$L,2,FALSE),0)*IFERROR(VLOOKUP($A54&"|Dec",Lists!$J:$L,3,FALSE),0))
T55: =IF($A55="","",VLOOKUP($A55,DevRateTable,3,FALSE)) | U55: =IF(I55="","",I55*IFERROR(VLOOKUP($A55&"|Feb",Lists!$J:$L,2,FALSE),0)*IFERROR(VLOOKUP($A55&"|Feb",Lists!$J:$L,3,FALSE),0)) | V55: =IF(J55="","",J55*IFERROR(VLOOKUP($A55&"|Mar",Lists!$J:$L,2,FALSE),0)*IFERROR(VLOOKUP($A55&"|Mar",Lists!$J:$L,3,FALSE),0)) | W55: =IF(K55="","",K55*IFERROR(VLOOKUP($A55&"|Apr",Lists!$J:$L,2,FALSE),0)*IFERROR(VLOOKUP($A55&"|Apr",Lists!$J:$L,3,FALSE),0)) | X55: =IF(L55="","",L55*IFERROR(VLOOKUP($A55&"|May",Lists!$J:$L,2,FALSE),0)*IFERROR(VLOOKUP($A55&"|May",Lists!$J:$L,3,FALSE),0)) | Y55: =IF(M55="","",M55*IFERROR(VLOOKUP($A55&"|Jun",Lists!$J:$L,2,FALSE),0)*IFERROR(VLOOKUP($A55&"|Jun",Lists!$J:$L,3,FALSE),0)) | Z55: =IF(N55="","",N55*IFERROR(VLOOKUP($A55&"|Jul",Lists!$J:$L,2,FALSE),0)*IFERROR(VLOOKUP($A55&"|Jul",Lists!$J:$L,3,FALSE),0)) | AA55: =IF(O55="","",O55*IFERROR(VLOOKUP($A55&"|Aug",Lists!$J:$L,2,FALSE),0)*IFERROR(VLOOKUP($A55&"|Aug",Lists!$J:$L,3,FALSE),0)) | AB55: =IF(P55="","",P55*IFERROR(VLOOKUP($A55&"|Sep",Lists!$J:$L,2,FALSE),0)*IFERROR(VLOOKUP($A55&"|Sep",Lists!$J:$L,3,FALSE),0)) | AC55: =IF(Q55="","",Q55*IFERROR(VLOOKUP($A55&"|Oct",Lists!$J:$L,2,FALSE),0)*IFERROR(VLOOKUP($A55&"|Oct",Lists!$J:$L,3,FALSE),0)) | AD55: =IF(R55="","",R55*IFERROR(VLOOKUP($A55&"|Nov",Lists!$J:$L,2,FALSE),0)*IFERROR(VLOOKUP($A55&"|Nov",Lists!$J:$L,3,FALSE),0)) | AE55: =IF(S55="","",S55*IFERROR(VLOOKUP($A55&"|Dec",Lists!$J:$L,2,FALSE),0)*IFERROR(VLOOKUP($A55&"|Dec",Lists!$J:$L,3,FALSE),0))
T56: =IF($A56="","",VLOOKUP($A56,DevRateTable,3,FALSE)) | U56: =IF(I56="","",I56*IFERROR(VLOOKUP($A56&"|Feb",Lists!$J:$L,2,FALSE),0)*IFERROR(VLOOKUP($A56&"|Feb",Lists!$J:$L,3,FALSE),0)) | V56: =IF(J56="","",J56*IFERROR(VLOOKUP($A56&"|Mar",Lists!$J:$L,2,FALSE),0)*IFERROR(VLOOKUP($A56&"|Mar",Lists!$J:$L,3,FALSE),0)) | W56: =IF(K56="","",K56*IFERROR(VLOOKUP($A56&"|Apr",Lists!$J:$L,2,FALSE),0)*IFERROR(VLOOKUP($A56&"|Apr",Lists!$J:$L,3,FALSE),0)) | X56: =IF(L56="","",L56*IFERROR(VLOOKUP($A56&"|May",Lists!$J:$L,2,FALSE),0)*IFERROR(VLOOKUP($A56&"|May",Lists!$J:$L,3,FALSE),0)) | Y56: =IF(M56="","",M56*IFERROR(VLOOKUP($A56&"|Jun",Lists!$J:$L,2,FALSE),0)*IFERROR(VLOOKUP($A56&"|Jun",Lists!$J:$L,3,FALSE),0)) | Z56: =IF(N56="","",N56*IFERROR(VLOOKUP($A56&"|Jul",Lists!$J:$L,2,FALSE),0)*IFERROR(VLOOKUP($A56&"|Jul",Lists!$J:$L,3,FALSE),0)) | AA56: =IF(O56="","",O56*IFERROR(VLOOKUP($A56&"|Aug",Lists!$J:$L,2,FALSE),0)*IFERROR(VLOOKUP($A56&"|Aug",Lists!$J:$L,3,FALSE),0)) | AB56: =IF(P56="","",P56*IFERROR(VLOOKUP($A56&"|Sep",Lists!$J:$L,2,FALSE),0)*IFERROR(VLOOKUP($A56&"|Sep",Lists!$J:$L,3,FALSE),0)) | AC56: =IF(Q56="","",Q56*IFERROR(VLOOKUP($A56&"|Oct",Lists!$J:$L,2,FALSE),0)*IFERROR(VLOOKUP($A56&"|Oct",Lists!$J:$L,3,FALSE),0)) | AD56: =IF(R56="","",R56*IFERROR(VLOOKUP($A56&"|Nov",Lists!$J:$L,2,FALSE),0)*IFERROR(VLOOKUP($A56&"|Nov",Lists!$J:$L,3,FALSE),0)) | AE56: =IF(S56="","",S56*IFERROR(VLOOKUP($A56&"|Dec",Lists!$J:$L,2,FALSE),0)*IFERROR(VLOOKUP($A56&"|Dec",Lists!$J:$L,3,FALSE),0))
T57: =IF($A57="","",VLOOKUP($A57,DevRateTable,3,FALSE)) | U57: =IF(I57="","",I57*IFERROR(VLOOKUP($A57&"|Feb",Lists!$J:$L,2,FALSE),0)*IFERROR(VLOOKUP($A57&"|Feb",Lists!$J:$L,3,FALSE),0)) | V57: =IF(J57="","",J57*IFERROR(VLOOKUP($A57&"|Mar",Lists!$J:$L,2,FALSE),0)*IFERROR(VLOOKUP($A57&"|Mar",Lists!$J:$L,3,FALSE),0)) | W57: =IF(K57="","",K57*IFERROR(VLOOKUP($A57&"|Apr",Lists!$J:$L,2,FALSE),0)*IFERROR(VLOOKUP($A57&"|Apr",Lists!$J:$L,3,FALSE),0)) | X57: =IF(L57="","",L57*IFERROR(VLOOKUP($A57&"|May",Lists!$J:$L,2,FALSE),0)*IFERROR(VLOOKUP($A57&"|May",Lists!$J:$L,3,FALSE),0)) | Y57: =IF(M57="","",M57*IFERROR(VLOOKUP($A57&"|Jun",Lists!$J:$L,2,FALSE),0)*IFERROR(VLOOKUP($A57&"|Jun",Lists!$J:$L,3,FALSE),0)) | Z57: =IF(N57="","",N57*IFERROR(VLOOKUP($A57&"|Jul",Lists!$J:$L,2,FALSE),0)*IFERROR(VLOOKUP($A57&"|Jul",Lists!$J:$L,3,FALSE),0)) | AA57: =IF(O57="","",O57*IFERROR(VLOOKUP($A57&"|Aug",Lists!$J:$L,2,FALSE),0)*IFERROR(VLOOKUP($A57&"|Aug",Lists!$J:$L,3,FALSE),0)) | AB57: =IF(P57="","",P57*IFERROR(VLOOKUP($A57&"|Sep",Lists!$J:$L,2,FALSE),0)*IFERROR(VLOOKUP($A57&"|Sep",Lists!$J:$L,3,FALSE),0)) | AC57: =IF(Q57="","",Q57*IFERROR(VLOOKUP($A57&"|Oct",Lists!$J:$L,2,FALSE),0)*IFERROR(VLOOKUP($A57&"|Oct",Lists!$J:$L,3,FALSE),0)) | AD57: =IF(R57="","",R57*IFERROR(VLOOKUP($A57&"|Nov",Lists!$J:$L,2,FALSE),0)*IFERROR(VLOOKUP($A57&"|Nov",Lists!$J:$L,3,FALSE),0)) | AE57: =IF(S57="","",S57*IFERROR(VLOOKUP($A57&"|Dec",Lists!$J:$L,2,FALSE),0)*IFERROR(VLOOKUP($A57&"|Dec",Lists!$J:$L,3,FALSE),0))
T58: =IF($A58="","",VLOOKUP($A58,DevRateTable,3,FALSE)) | U58: =IF(I58="","",I58*IFERROR(VLOOKUP($A58&"|Feb",Lists!$J:$L,2,FALSE),0)*IFERROR(VLOOKUP($A58&"|Feb",Lists!$J:$L,3,FALSE),0)) | V58: =IF(J58="","",J58*IFERROR(VLOOKUP($A58&"|Mar",Lists!$J:$L,2,FALSE),0)*IFERROR(VLOOKUP($A58&"|Mar",Lists!$J:$L,3,FALSE),0)) | W58: =IF(K58="","",K58*IFERROR(VLOOKUP($A58&"|Apr",Lists!$J:$L,2,FALSE),0)*IFERROR(VLOOKUP($A58&"|Apr",Lists!$J:$L,3,FALSE),0)) | X58: =IF(L58="","",L58*IFERROR(VLOOKUP($A58&"|May",Lists!$J:$L,2,FALSE),0)*IFERROR(VLOOKUP($A58&"|May",Lists!$J:$L,3,FALSE),0)) | Y58: =IF(M58="","",M58*IFERROR(VLOOKUP($A58&"|Jun",Lists!$J:$L,2,FALSE),0)*IFERROR(VLOOKUP($A58&"|Jun",Lists!$J:$L,3,FALSE),0)) | Z58: =IF(N58="","",N58*IFERROR(VLOOKUP($A58&"|Jul",Lists!$J:$L,2,FALSE),0)*IFERROR(VLOOKUP($A58&"|Jul",Lists!$J:$L,3,FALSE),0)) | AA58: =IF(O58="","",O58*IFERROR(VLOOKUP($A58&"|Aug",Lists!$J:$L,2,FALSE),0)*IFERROR(VLOOKUP($A58&"|Aug",Lists!$J:$L,3,FALSE),0)) | AB58: =IF(P58="","",P58*IFERROR(VLOOKUP($A58&"|Sep",Lists!$J:$L,2,FALSE),0)*IFERROR(VLOOKUP($A58&"|Sep",Lists!$J:$L,3,FALSE),0)) | AC58: =IF(Q58="","",Q58*IFERROR(VLOOKUP($A58&"|Oct",Lists!$J:$L,2,FALSE),0)*IFERROR(VLOOKUP($A58&"|Oct",Lists!$J:$L,3,FALSE),0)) | AD58: =IF(R58="","",R58*IFERROR(VLOOKUP($A58&"|Nov",Lists!$J:$L,2,FALSE),0)*IFERROR(VLOOKUP($A58&"|Nov",Lists!$J:$L,3,FALSE),0)) | AE58: =IF(S58="","",S58*IFERROR(VLOOKUP($A58&"|Dec",Lists!$J:$L,2,FALSE),0)*IFERROR(VLOOKUP($A58&"|Dec",Lists!$J:$L,3,FALSE),0))
T59: =IF($A59="","",VLOOKUP($A59,DevRateTable,3,FALSE)) | U59: =IF(I59="","",I59*IFERROR(VLOOKUP($A59&"|Feb",Lists!$J:$L,2,FALSE),0)*IFERROR(VLOOKUP($A59&"|Feb",Lists!$J:$L,3,FALSE),0)) | V59: =IF(J59="","",J59*IFERROR(VLOOKUP($A59&"|Mar",Lists!$J:$L,2,FALSE),0)*IFERROR(VLOOKUP($A59&"|Mar",Lists!$J:$L,3,FALSE),0)) | W59: =IF(K59="","",K59*IFERROR(VLOOKUP($A59&"|Apr",Lists!$J:$L,2,FALSE),0)*IFERROR(VLOOKUP($A59&"|Apr",Lists!$J:$L,3,FALSE),0)) | X59: =IF(L59="","",L59*IFERROR(VLOOKUP($A59&"|May",Lists!$J:$L,2,FALSE),0)*IFERROR(VLOOKUP($A59&"|May",Lists!$J:$L,3,FALSE),0)) | Y59: =IF(M59="","",M59*IFERROR(VLOOKUP($A59&"|Jun",Lists!$J:$L,2,FALSE),0)*IFERROR(VLOOKUP($A59&"|Jun",Lists!$J:$L,3,FALSE),0)) | Z59: =IF(N59="","",N59*IFERROR(VLOOKUP($A59&"|Jul",Lists!$J:$L,2,FALSE),0)*IFERROR(VLOOKUP($A59&"|Jul",Lists!$J:$L,3,FALSE),0)) | AA59: =IF(O59="","",O59*IFERROR(VLOOKUP($A59&"|Aug",Lists!$J:$L,2,FALSE),0)*IFERROR(VLOOKUP($A59&"|Aug",Lists!$J:$L,3,FALSE),0)) | AB59: =IF(P59="","",P59*IFERROR(VLOOKUP($A59&"|Sep",Lists!$J:$L,2,FALSE),0)*IFERROR(VLOOKUP($A59&"|Sep",Lists!$J:$L,3,FALSE),0)) | AC59: =IF(Q59="","",Q59*IFERROR(VLOOKUP($A59&"|Oct",Lists!$J:$L,2,FALSE),0)*IFERROR(VLOOKUP($A59&"|Oct",Lists!$J:$L,3,FALSE),0)) | AD59: =IF(R59="","",R59*IFERROR(VLOOKUP($A59&"|Nov",Lists!$J:$L,2,FALSE),0)*IFERROR(VLOOKUP($A59&"|Nov",Lists!$J:$L,3,FALSE),0)) | AE59: =IF(S59="","",S59*IFERROR(VLOOKUP($A59&"|Dec",Lists!$J:$L,2,FALSE),0)*IFERROR(VLOOKUP($A59&"|Dec",Lists!$J:$L,3,FALSE),0))
T60: =IF($A60="","",VLOOKUP($A60,DevRateTable,3,FALSE)) | U60: =IF(I60="","",I60*IFERROR(VLOOKUP($A60&"|Feb",Lists!$J:$L,2,FALSE),0)*IFERROR(VLOOKUP($A60&"|Feb",Lists!$J:$L,3,FALSE),0)) | V60: =IF(J60="","",J60*IFERROR(VLOOKUP($A60&"|Mar",Lists!$J:$L,2,FALSE),0)*IFERROR(VLOOKUP($A60&"|Mar",Lists!$J:$L,3,FALSE),0)) | W60: =IF(K60="","",K60*IFERROR(VLOOKUP($A60&"|Apr",Lists!$J:$L,2,FALSE),0)*IFERROR(VLOOKUP($A60&"|Apr",Lists!$J:$L,3,FALSE),0)) | X60: =IF(L60="","",L60*IFERROR(VLOOKUP($A60&"|May",Lists!$J:$L,2,FALSE),0)*IFERROR(VLOOKUP($A60&"|May",Lists!$J:$L,3,FALSE),0)) | Y60: =IF(M60="","",M60*IFERROR(VLOOKUP($A60&"|Jun",Lists!$J:$L,2,FALSE),0)*IFERROR(VLOOKUP($A60&"|Jun",Lists!$J:$L,3,FALSE),0)) | Z60: =IF(N60="","",N60*IFERROR(VLOOKUP($A60&"|Jul",Lists!$J:$L,2,FALSE),0)*IFERROR(VLOOKUP($A60&"|Jul",Lists!$J:$L,3,FALSE),0)) | AA60: =IF(O60="","",O60*IFERROR(VLOOKUP($A60&"|Aug",Lists!$J:$L,2,FALSE),0)*IFERROR(VLOOKUP($A60&"|Aug",Lists!$J:$L,3,FALSE),0)) | AB60: =IF(P60="","",P60*IFERROR(VLOOKUP($A60&"|Sep",Lists!$J:$L,2,FALSE),0)*IFERROR(VLOOKUP($A60&"|Sep",Lists!$J:$L,3,FALSE),0)) | AC60: =IF(Q60="","",Q60*IFERROR(VLOOKUP($A60&"|Oct",Lists!$J:$L,2,FALSE),0)*IFERROR(VLOOKUP($A60&"|Oct",Lists!$J:$L,3,FALSE),0)) | AD60: =IF(R60="","",R60*IFERROR(VLOOKUP($A60&"|Nov",Lists!$J:$L,2,FALSE),0)*IFERROR(VLOOKUP($A60&"|Nov",Lists!$J:$L,3,FALSE),0)) | AE60: =IF(S60="","",S60*IFERROR(VLOOKUP($A60&"|Dec",Lists!$J:$L,2,FALSE),0)*IFERROR(VLOOKUP($A60&"|Dec",Lists!$J:$L,3,FALSE),0))
T61: =IF($A61="","",VLOOKUP($A61,DevRateTable,3,FALSE)) | U61: =IF(I61="","",I61*IFERROR(VLOOKUP($A61&"|Feb",Lists!$J:$L,2,FALSE),0)*IFERROR(VLOOKUP($A61&"|Feb",Lists!$J:$L,3,FALSE),0)) | V61: =IF(J61="","",J61*IFERROR(VLOOKUP($A61&"|Mar",Lists!$J:$L,2,FALSE),0)*IFERROR(VLOOKUP($A61&"|Mar",Lists!$J:$L,3,FALSE),0)) | W61: =IF(K61="","",K61*IFERROR(VLOOKUP($A61&"|Apr",Lists!$J:$L,2,FALSE),0)*IFERROR(VLOOKUP($A61&"|Apr",Lists!$J:$L,3,FALSE),0)) | X61: =IF(L61="","",L61*IFERROR(VLOOKUP($A61&"|May",Lists!$J:$L,2,FALSE),0)*IFERROR(VLOOKUP($A61&"|May",Lists!$J:$L,3,FALSE),0)) | Y61: =IF(M61="","",M61*IFERROR(VLOOKUP($A61&"|Jun",Lists!$J:$L,2,FALSE),0)*IFERROR(VLOOKUP($A61&"|Jun",Lists!$J:$L,3,FALSE),0)) | Z61: =IF(N61="","",N61*IFERROR(VLOOKUP($A61&"|Jul",Lists!$J:$L,2,FALSE),0)*IFERROR(VLOOKUP($A61&"|Jul",Lists!$J:$L,3,FALSE),0)) | AA61: =IF(O61="","",O61*IFERROR(VLOOKUP($A61&"|Aug",Lists!$J:$L,2,FALSE),0)*IFERROR(VLOOKUP($A61&"|Aug",Lists!$J:$L,3,FALSE),0)) | AB61: =IF(P61="","",P61*IFERROR(VLOOKUP($A61&"|Sep",Lists!$J:$L,2,FALSE),0)*IFERROR(VLOOKUP($A61&"|Sep",Lists!$J:$L,3,FALSE),0)) | AC61: =IF(Q61="","",Q61*IFERROR(VLOOKUP($A61&"|Oct",Lists!$J:$L,2,FALSE),0)*IFERROR(VLOOKUP($A61&"|Oct",Lists!$J:$L,3,FALSE),0)) | AD61: =IF(R61="","",R61*IFERROR(VLOOKUP($A61&"|Nov",Lists!$J:$L,2,FALSE),0)*IFERROR(VLOOKUP($A61&"|Nov",Lists!$J:$L,3,FALSE),0)) | AE61: =IF(S61="","",S61*IFERROR(VLOOKUP($A61&"|Dec",Lists!$J:$L,2,FALSE),0)*IFERROR(VLOOKUP($A61&"|Dec",Lists!$J:$L,3,FALSE),0))
T62: =IF($A62="","",VLOOKUP($A62,DevRateTable,3,FALSE)) | U62: =IF(I62="","",I62*IFERROR(VLOOKUP($A62&"|Feb",Lists!$J:$L,2,FALSE),0)*IFERROR(VLOOKUP($A62&"|Feb",Lists!$J:$L,3,FALSE),0)) | V62: =IF(J62="","",J62*IFERROR(VLOOKUP($A62&"|Mar",Lists!$J:$L,2,FALSE),0)*IFERROR(VLOOKUP($A62&"|Mar",Lists!$J:$L,3,FALSE),0)) | W62: =IF(K62="","",K62*IFERROR(VLOOKUP($A62&"|Apr",Lists!$J:$L,2,FALSE),0)*IFERROR(VLOOKUP($A62&"|Apr",Lists!$J:$L,3,FALSE),0)) | X62: =IF(L62="","",L62*IFERROR(VLOOKUP($A62&"|May",Lists!$J:$L,2,FALSE),0)*IFERROR(VLOOKUP($A62&"|May",Lists!$J:$L,3,FALSE),0)) | Y62: =IF(M62="","",M62*IFERROR(VLOOKUP($A62&"|Jun",Lists!$J:$L,2,FALSE),0)*IFERROR(VLOOKUP($A62&"|Jun",Lists!$J:$L,3,FALSE),0)) | Z62: =IF(N62="","",N62*IFERROR(VLOOKUP($A62&"|Jul",Lists!$J:$L,2,FALSE),0)*IFERROR(VLOOKUP($A62&"|Jul",Lists!$J:$L,3,FALSE),0)) | AA62: =IF(O62="","",O62*IFERROR(VLOOKUP($A62&"|Aug",Lists!$J:$L,2,FALSE),0)*IFERROR(VLOOKUP($A62&"|Aug",Lists!$J:$L,3,FALSE),0)) | AB62: =IF(P62="","",P62*IFERROR(VLOOKUP($A62&"|Sep",Lists!$J:$L,2,FALSE),0)*IFERROR(VLOOKUP($A62&"|Sep",Lists!$J:$L,3,FALSE),0)) | AC62: =IF(Q62="","",Q62*IFERROR(VLOOKUP($A62&"|Oct",Lists!$J:$L,2,FALSE),0)*IFERROR(VLOOKUP($A62&"|Oct",Lists!$J:$L,3,FALSE),0)) | AD62: =IF(R62="","",R62*IFERROR(VLOOKUP($A62&"|Nov",Lists!$J:$L,2,FALSE),0)*IFERROR(VLOOKUP($A62&"|Nov",Lists!$J:$L,3,FALSE),0)) | AE62: =IF(S62="","",S62*IFERROR(VLOOKUP($A62&"|Dec",Lists!$J:$L,2,FALSE),0)*IFERROR(VLOOKUP($A62&"|Dec",Lists!$J:$L,3,FALSE),0))
T63: =IF($A63="","",VLOOKUP($A63,DevRateTable,3,FALSE)) | U63: =IF(I63="","",I63*IFERROR(VLOOKUP($A63&"|Feb",Lists!$J:$L,2,FALSE),0)*IFERROR(VLOOKUP($A63&"|Feb",Lists!$J:$L,3,FALSE),0)) | V63: =IF(J63="","",J63*IFERROR(VLOOKUP($A63&"|Mar",Lists!$J:$L,2,FALSE),0)*IFERROR(VLOOKUP($A63&"|Mar",Lists!$J:$L,3,FALSE),0)) | W63: =IF(K63="","",K63*IFERROR(VLOOKUP($A63&"|Apr",Lists!$J:$L,2,FALSE),0)*IFERROR(VLOOKUP($A63&"|Apr",Lists!$J:$L,3,FALSE),0)) | X63: =IF(L63="","",L63*IFERROR(VLOOKUP($A63&"|May",Lists!$J:$L,2,FALSE),0)*IFERROR(VLOOKUP($A63&"|May",Lists!$J:$L,3,FALSE),0)) | Y63: =IF(M63="","",M63*IFERROR(VLOOKUP($A63&"|Jun",Lists!$J:$L,2,FALSE),0)*IFERROR(VLOOKUP($A63&"|Jun",Lists!$J:$L,3,FALSE),0)) | Z63: =IF(N63="","",N63*IFERROR(VLOOKUP($A63&"|Jul",Lists!$J:$L,2,FALSE),0)*IFERROR(VLOOKUP($A63&"|Jul",Lists!$J:$L,3,FALSE),0)) | AA63: =IF(O63="","",O63*IFERROR(VLOOKUP($A63&"|Aug",Lists!$J:$L,2,FALSE),0)*IFERROR(VLOOKUP($A63&"|Aug",Lists!$J:$L,3,FALSE),0)) | AB63: =IF(P63="","",P63*IFERROR(VLOOKUP($A63&"|Sep",Lists!$J:$L,2,FALSE),0)*IFERROR(VLOOKUP($A63&"|Sep",Lists!$J:$L,3,FALSE),0)) | AC63: =IF(Q63="","",Q63*IFERROR(VLOOKUP($A63&"|Oct",Lists!$J:$L,2,FALSE),0)*IFERROR(VLOOKUP($A63&"|Oct",Lists!$J:$L,3,FALSE),0)) | AD63: =IF(R63="","",R63*IFERROR(VLOOKUP($A63&"|Nov",Lists!$J:$L,2,FALSE),0)*IFERROR(VLOOKUP($A63&"|Nov",Lists!$J:$L,3,FALSE),0)) | AE63: =IF(S63="","",S63*IFERROR(VLOOKUP($A63&"|Dec",Lists!$J:$L,2,FALSE),0)*IFERROR(VLOOKUP($A63&"|Dec",Lists!$J:$L,3,FALSE),0))
T64: =IF($A64="","",VLOOKUP($A64,DevRateTable,3,FALSE)) | U64: =IF(I64="","",I64*IFERROR(VLOOKUP($A64&"|Feb",Lists!$J:$L,2,FALSE),0)*IFERROR(VLOOKUP($A64&"|Feb",Lists!$J:$L,3,FALSE),0)) | V64: =IF(J64="","",J64*IFERROR(VLOOKUP($A64&"|Mar",Lists!$J:$L,2,FALSE),0)*IFERROR(VLOOKUP($A64&"|Mar",Lists!$J:$L,3,FALSE),0)) | W64: =IF(K64="","",K64*IFERROR(VLOOKUP($A64&"|Apr",Lists!$J:$L,2,FALSE),0)*IFERROR(VLOOKUP($A64&"|Apr",Lists!$J:$L,3,FALSE),0)) | X64: =IF(L64="","",L64*IFERROR(VLOOKUP($A64&"|May",Lists!$J:$L,2,FALSE),0)*IFERROR(VLOOKUP($A64&"|May",Lists!$J:$L,3,FALSE),0)) | Y64: =IF(M64="","",M64*IFERROR(VLOOKUP($A64&"|Jun",Lists!$J:$L,2,FALSE),0)*IFERROR(VLOOKUP($A64&"|Jun",Lists!$J:$L,3,FALSE),0)) | Z64: =IF(N64="","",N64*IFERROR(VLOOKUP($A64&"|Jul",Lists!$J:$L,2,FALSE),0)*IFERROR(VLOOKUP($A64&"|Jul",Lists!$J:$L,3,FALSE),0)) | AA64: =IF(O64="","",O64*IFERROR(VLOOKUP($A64&"|Aug",Lists!$J:$L,2,FALSE),0)*IFERROR(VLOOKUP($A64&"|Aug",Lists!$J:$L,3,FALSE),0)) | AB64: =IF(P64="","",P64*IFERROR(VLOOKUP($A64&"|Sep",Lists!$J:$L,2,FALSE),0)*IFERROR(VLOOKUP($A64&"|Sep",Lists!$J:$L,3,FALSE),0)) | AC64: =IF(Q64="","",Q64*IFERROR(VLOOKUP($A64&"|Oct",Lists!$J:$L,2,FALSE),0)*IFERROR(VLOOKUP($A64&"|Oct",Lists!$J:$L,3,FALSE),0)) | AD64: =IF(R64="","",R64*IFERROR(VLOOKUP($A64&"|Nov",Lists!$J:$L,2,FALSE),0)*IFERROR(VLOOKUP($A64&"|Nov",Lists!$J:$L,3,FALSE),0)) | AE64: =IF(S64="","",S64*IFERROR(VLOOKUP($A64&"|Dec",Lists!$J:$L,2,FALSE),0)*IFERROR(VLOOKUP($A64&"|Dec",Lists!$J:$L,3,FALSE),0))
... T200: =IF($A200="","",VLOOKUP($A200,DevRateTable,3,FALSE)) | U200: =IF(I200="","",I200*IFERROR(VLOOKUP($A200&"|Feb",Lists!$J:$L,2,FALSE),0)*IFERROR(VLOOKUP($A200&"|Feb",Lists!$J:$L,3,FALSE),0)) | V200: =IF(J200="","",J200*IFERROR(VLOOKUP($A200&"|Mar",Lists!$J:$L,2,FALSE),0)*IFERROR(VLOOKUP($A200&"|Mar",Lists!$J:$L,3,FALSE),0)) | W200: =IF(K200="","",K200*IFERROR(VLOOKUP($A200&"|Apr",Lists!$J:$L,2,FALSE),0)*IFERROR(VLOOKUP($A200&"|Apr",Lists!$J:$L,3,FALSE),0)) | X200: =IF(L200="","",L200*IFERROR(VLOOKUP($A200&"|May",Lists!$J:$L,2,FALSE),0)*IFERROR(VLOOKUP($A200&"|May",Lists!$J:$L,3,FALSE),0)) | Y200: =IF(M200="","",M200*IFERROR(VLOOKUP($A200&"|Jun",Lists!$J:$L,2,FALSE),0)*IFERROR(VLOOKUP($A200&"|Jun",Lists!$J:$L,3,FALSE),0)) | Z200: =IF(N200="","",N200*IFERROR(VLOOKUP($A200&"|Jul",Lists!$J:$L,2,FALSE),0)*IFERROR(VLOOKUP($A200&"|Jul",Lists!$J:$L,3,FALSE),0)) | AA200: =IF(O200="","",O200*IFERROR(VLOOKUP($A200&"|Aug",Lists!$J:$L,2,FALSE),0)*IFERROR(VLOOKUP($A200&"|Aug",Lists!$J:$L,3,FALSE),0)) | AB200: =IF(P200="","",P200*IFERROR(VLOOKUP($A200&"|Sep",Lists!$J:$L,2,FALSE),0)*IFERROR(VLOOKUP($A200&"|Sep",Lists!$J:$L,3,FALSE),0)) | AC200: =IF(Q200="","",Q200*IFERROR(VLOOKUP($A200&"|Oct",Lists!$J:$L,2,FALSE),0)*IFERROR(VLOOKUP($A200&"|Oct",Lists!$J:$L,3,FALSE),0)) | AD200: =IF(R200="","",R200*IFERROR(VLOOKUP($A200&"|Nov",Lists!$J:$L,2,FALSE),0)*IFERROR(VLOOKUP($A200&"|Nov",Lists!$J:$L,3,FALSE),0)) | AE200: =IF(S200="","",S200*IFERROR(VLOOKUP($A200&"|Dec",Lists!$J:$L,2,FALSE),0)*IFERROR(VLOOKUP($A200&"|Dec",Lists!$J:$L,3,FALSE),0))

Sheet Summary
A1: Project summary (effort by month) | P1: BlendRate | Q1: =BlendRate
P2: Mandays | Q2: =Mandays
A3: Project | B3: Jan | C3: Feb | D3: Mar | E3: Apr | F3: May | G3: Jun | H3: Jul | I3: Aug | J3: Sep | K3: Oct | L3: Nov | M3: Dec | N3: Total
A4: =IF(Projects!A2="","",Projects!A2) | B4: =IF($A4="","",SUMIFS(Allocations!H3:H200,Allocations!$B3:$B200,$A4)) | C4: =IF($A4="","",SUMIFS(Allocations!I3:I200,Allocations!$B3:$B200,$A4)) | D4: =IF($A4="","",SUMIFS(Allocations!J3:J200,Allocations!$B3:$B200,$A4)) | E4: =IF($A4="","",SUMIFS(Allocations!K3:K200,Allocations!$B3:$B200,$A4)) | F4: =IF($A4="","",SUMIFS(Allocations!L3:L200,Allocations!$B3:$B200,$A4)) | G4: =IF($A4="","",SUMIFS(Allocations!M3:M200,Allocations!$B3:$B200,$A4)) | H4: =IF($A4="","",SUMIFS(Allocations!N3:N200,Allocations!$B3:$B200,$A4)) | I4: =IF($A4="","",SUMIFS(Allocations!O3:O200,Allocations!$B3:$B200,$A4)) | ... M4: =IF($A4="","",SUMIFS(Allocations!S3:S200,Allocations!$B3:$B200,$A4)) | N4: =IF($A4="","",SUM(B4:M4))
A5: =IF(Projects!A3="","",Projects!A3) | B5: =IF($A5="","",SUMIFS(Allocations!H3:H200,Allocations!$B3:$B200,$A5)) | C5: =IF($A5="","",SUMIFS(Allocations!I3:I200,Allocations!$B3:$B200,$A5)) | D5: =IF($A5="","",SUMIFS(Allocations!J3:J200,Allocations!$B3:$B200,$A5)) | E5: =IF($A5="","",SUMIFS(Allocations!K3:K200,Allocations!$B3:$B200,$A5)) | F5: =IF($A5="","",SUMIFS(Allocations!L3:L200,Allocations!$B3:$B200,$A5)) | G5: =IF($A5="","",SUMIFS(Allocations!M3:M200,Allocations!$B3:$B200,$A5)) | H5: =IF($A5="","",SUMIFS(Allocations!N3:N200,Allocations!$B3:$B200,$A5)) | I5: =IF($A5="","",SUMIFS(Allocations!O3:O200,Allocations!$B3:$B200,$A5)) | ... M5: =IF($A5="","",SUMIFS(Allocations!S3:S200,Allocations!$B3:$B200,$A5)) | N5: =IF($A5="","",SUM(B5:M5))
A6: =IF(Projects!A4="","",Projects!A4) | B6: =IF($A6="","",SUMIFS(Allocations!H3:H200,Allocations!$B3:$B200,$A6)) | C6: =IF($A6="","",SUMIFS(Allocations!I3:I200,Allocations!$B3:$B200,$A6)) | D6: =IF($A6="","",SUMIFS(Allocations!J3:J200,Allocations!$B3:$B200,$A6)) | E6: =IF($A6="","",SUMIFS(Allocations!K3:K200,Allocations!$B3:$B200,$A6)) | F6: =IF($A6="","",SUMIFS(Allocations!L3:L200,Allocations!$B3:$B200,$A6)) | G6: =IF($A6="","",SUMIFS(Allocations!M3:M200,Allocations!$B3:$B200,$A6)) | H6: =IF($A6="","",SUMIFS(Allocations!N3:N200,Allocations!$B3:$B200,$A6)) | I6: =IF($A6="","",SUMIFS(Allocations!O3:O200,Allocations!$B3:$B200,$A6)) | ... M6: =IF($A6="","",SUMIFS(Allocations!S3:S200,Allocations!$B3:$B200,$A6)) | N6: =IF($A6="","",SUM(B6:M6))
A7: =IF(Projects!A5="","",Projects!A5) | B7: =IF($A7="","",SUMIFS(Allocations!H3:H200,Allocations!$B3:$B200,$A7)) | C7: =IF($A7="","",SUMIFS(Allocations!I3:I200,Allocations!$B3:$B200,$A7)) | D7: =IF($A7="","",SUMIFS(Allocations!J3:J200,Allocations!$B3:$B200,$A7)) | E7: =IF($A7="","",SUMIFS(Allocations!K3:K200,Allocations!$B3:$B200,$A7)) | F7: =IF($A7="","",SUMIFS(Allocations!L3:L200,Allocations!$B3:$B200,$A7)) | G7: =IF($A7="","",SUMIFS(Allocations!M3:M200,Allocations!$B3:$B200,$A7)) | H7: =IF($A7="","",SUMIFS(Allocations!N3:N200,Allocations!$B3:$B200,$A7)) | I7: =IF($A7="","",SUMIFS(Allocations!O3:O200,Allocations!$B3:$B200,$A7)) | ... M7: =IF($A7="","",SUMIFS(Allocations!S3:S200,Allocations!$B3:$B200,$A7)) | N7: =IF($A7="","",SUM(B7:M7))
A8: =IF(Projects!A6="","",Projects!A6) | B8: =IF($A8="","",SUMIFS(Allocations!H3:H200,Allocations!$B3:$B200,$A8)) | C8: =IF($A8="","",SUMIFS(Allocations!I3:I200,Allocations!$B3:$B200,$A8)) | D8: =IF($A8="","",SUMIFS(Allocations!J3:J200,Allocations!$B3:$B200,$A8)) | E8: =IF($A8="","",SUMIFS(Allocations!K3:K200,Allocations!$B3:$B200,$A8)) | F8: =IF($A8="","",SUMIFS(Allocations!L3:L200,Allocations!$B3:$B200,$A8)) | G8: =IF($A8="","",SUMIFS(Allocations!M3:M200,Allocations!$B3:$B200,$A8)) | H8: =IF($A8="","",SUMIFS(Allocations!N3:N200,Allocations!$B3:$B200,$A8)) | I8: =IF($A8="","",SUMIFS(Allocations!O3:O200,Allocations!$B3:$B200,$A8)) | ... M8: =IF($A8="","",SUMIFS(Allocations!S3:S200,Allocations!$B3:$B200,$A8)) | N8: =IF($A8="","",SUM(B8:M8))
A9: =IF(Projects!A7="","",Projects!A7) | B9: =IF($A9="","",SUMIFS(Allocations!H3:H200,Allocations!$B3:$B200,$A9)) | C9: =IF($A9="","",SUMIFS(Allocations!I3:I200,Allocations!$B3:$B200,$A9)) | D9: =IF($A9="","",SUMIFS(Allocations!J3:J200,Allocations!$B3:$B200,$A9)) | E9: =IF($A9="","",SUMIFS(Allocations!K3:K200,Allocations!$B3:$B200,$A9)) | F9: =IF($A9="","",SUMIFS(Allocations!L3:L200,Allocations!$B3:$B200,$A9)) | G9: =IF($A9="","",SUMIFS(Allocations!M3:M200,Allocations!$B3:$B200,$A9)) | H9: =IF($A9="","",SUMIFS(Allocations!N3:N200,Allocations!$B3:$B200,$A9)) | I9: =IF($A9="","",SUMIFS(Allocations!O3:O200,Allocations!$B3:$B200,$A9)) | ... M9: =IF($A9="","",SUMIFS(Allocations!S3:S200,Allocations!$B3:$B200,$A9)) | N9: =IF($A9="","",SUM(B9:M9))
A10: =IF(Projects!A8="","",Projects!A8) | B10: =IF($A10="","",SUMIFS(Allocations!H3:H200,Allocations!$B3:$B200,$A10)) | C10: =IF($A10="","",SUMIFS(Allocations!I3:I200,Allocations!$B3:$B200,$A10)) | D10: =IF($A10="","",SUMIFS(Allocations!J3:J200,Allocations!$B3:$B200,$A10)) | E10: =IF($A10="","",SUMIFS(Allocations!K3:K200,Allocations!$B3:$B200,$A10)) | F10: =IF($A10="","",SUMIFS(Allocations!L3:L200,Allocations!$B3:$B200,$A10)) | G10: =IF($A10="","",SUMIFS(Allocations!M3:M200,Allocations!$B3:$B200,$A10)) | H10: =IF($A10="","",SUMIFS(Allocations!N3:N200,Allocations!$B3:$B200,$A10)) | I10: =IF($A10="","",SUMIFS(Allocations!O3:O200,Allocations!$B3:$B200,$A10)) | ... M10: =IF($A10="","",SUMIFS(Allocations!S3:S200,Allocations!$B3:$B200,$A10)) | N10: =IF($A10="","",SUM(B10:M10))
A11: =IF(Projects!A9="","",Projects!A9) | B11: =IF($A11="","",SUMIFS(Allocations!H3:H200,Allocations!$B3:$B200,$A11)) | C11: =IF($A11="","",SUMIFS(Allocations!I3:I200,Allocations!$B3:$B200,$A11)) | D11: =IF($A11="","",SUMIFS(Allocations!J3:J200,Allocations!$B3:$B200,$A11)) | E11: =IF($A11="","",SUMIFS(Allocations!K3:K200,Allocations!$B3:$B200,$A11)) | F11: =IF($A11="","",SUMIFS(Allocations!L3:L200,Allocations!$B3:$B200,$A11)) | G11: =IF($A11="","",SUMIFS(Allocations!M3:M200,Allocations!$B3:$B200,$A11)) | H11: =IF($A11="","",SUMIFS(Allocations!N3:N200,Allocations!$B3:$B200,$A11)) | I11: =IF($A11="","",SUMIFS(Allocations!O3:O200,Allocations!$B3:$B200,$A11)) | ... M11: =IF($A11="","",SUMIFS(Allocations!S3:S200,Allocations!$B3:$B200,$A11)) | N11: =IF($A11="","",SUM(B11:M11))
A12: =IF(Projects!A10="","",Projects!A10) | B12: =IF($A12="","",SUMIFS(Allocations!H3:H200,Allocations!$B3:$B200,$A12)) | C12: =IF($A12="","",SUMIFS(Allocations!I3:I200,Allocations!$B3:$B200,$A12)) | D12: =IF($A12="","",SUMIFS(Allocations!J3:J200,Allocations!$B3:$B200,$A12)) | E12: =IF($A12="","",SUMIFS(Allocations!K3:K200,Allocations!$B3:$B200,$A12)) | F12: =IF($A12="","",SUMIFS(Allocations!L3:L200,Allocations!$B3:$B200,$A12)) | G12: =IF($A12="","",SUMIFS(Allocations!M3:M200,Allocations!$B3:$B200,$A12)) | H12: =IF($A12="","",SUMIFS(Allocations!N3:N200,Allocations!$B3:$B200,$A12)) | I12: =IF($A12="","",SUMIFS(Allocations!O3:O200,Allocations!$B3:$B200,$A12)) | ... M12: =IF($A12="","",SUMIFS(Allocations!S3:S200,Allocations!$B3:$B200,$A12)) | N12: =IF($A12="","",SUM(B12:M12))
A13: =IF(Projects!A11="","",Projects!A11) | B13: =IF($A13="","",SUMIFS(Allocations!H3:H200,Allocations!$B3:$B200,$A13)) | C13: =IF($A13="","",SUMIFS(Allocations!I3:I200,Allocations!$B3:$B200,$A13)) | D13: =IF($A13="","",SUMIFS(Allocations!J3:J200,Allocations!$B3:$B200,$A13)) | E13: =IF($A13="","",SUMIFS(Allocations!K3:K200,Allocations!$B3:$B200,$A13)) | F13: =IF($A13="","",SUMIFS(Allocations!L3:L200,Allocations!$B3:$B200,$A13)) | G13: =IF($A13="","",SUMIFS(Allocations!M3:M200,Allocations!$B3:$B200,$A13)) | H13: =IF($A13="","",SUMIFS(Allocations!N3:N200,Allocations!$B3:$B200,$A13)) | I13: =IF($A13="","",SUMIFS(Allocations!O3:O200,Allocations!$B3:$B200,$A13)) | ... M13: =IF($A13="","",SUMIFS(Allocations!S3:S200,Allocations!$B3:$B200,$A13)) | N13: =IF($A13="","",SUM(B13:M13))
A14: =IF(Projects!A12="","",Projects!A12) | B14: =IF($A14="","",SUMIFS(Allocations!H3:H200,Allocations!$B3:$B200,$A14)) | C14: =IF($A14="","",SUMIFS(Allocations!I3:I200,Allocations!$B3:$B200,$A14)) | D14: =IF($A14="","",SUMIFS(Allocations!J3:J200,Allocations!$B3:$B200,$A14)) | E14: =IF($A14="","",SUMIFS(Allocations!K3:K200,Allocations!$B3:$B200,$A14)) | F14: =IF($A14="","",SUMIFS(Allocations!L3:L200,Allocations!$B3:$B200,$A14)) | G14: =IF($A14="","",SUMIFS(Allocations!M3:M200,Allocations!$B3:$B200,$A14)) | H14: =IF($A14="","",SUMIFS(Allocations!N3:N200,Allocations!$B3:$B200,$A14)) | I14: =IF($A14="","",SUMIFS(Allocations!O3:O200,Allocations!$B3:$B200,$A14)) | ... M14: =IF($A14="","",SUMIFS(Allocations!S3:S200,Allocations!$B3:$B200,$A14)) | N14: =IF($A14="","",SUM(B14:M14))
A15: =IF(Projects!A13="","",Projects!A13) | B15: =IF($A15="","",SUMIFS(Allocations!H3:H200,Allocations!$B3:$B200,$A15)) | C15: =IF($A15="","",SUMIFS(Allocations!I3:I200,Allocations!$B3:$B200,$A15)) | D15: =IF($A15="","",SUMIFS(Allocations!J3:J200,Allocations!$B3:$B200,$A15)) | E15: =IF($A15="","",SUMIFS(Allocations!K3:K200,Allocations!$B3:$B200,$A15)) | F15: =IF($A15="","",SUMIFS(Allocations!L3:L200,Allocations!$B3:$B200,$A15)) | G15: =IF($A15="","",SUMIFS(Allocations!M3:M200,Allocations!$B3:$B200,$A15)) | H15: =IF($A15="","",SUMIFS(Allocations!N3:N200,Allocations!$B3:$B200,$A15)) | I15: =IF($A15="","",SUMIFS(Allocations!O3:O200,Allocations!$B3:$B200,$A15)) | ... M15: =IF($A15="","",SUMIFS(Allocations!S3:S200,Allocations!$B3:$B200,$A15)) | N15: =IF($A15="","",SUM(B15:M15))
A16: =IF(Projects!A14="","",Projects!A14) | B16: =IF($A16="","",SUMIFS(Allocations!H3:H200,Allocations!$B3:$B200,$A16)) | C16: =IF($A16="","",SUMIFS(Allocations!I3:I200,Allocations!$B3:$B200,$A16)) | D16: =IF($A16="","",SUMIFS(Allocations!J3:J200,Allocations!$B3:$B200,$A16)) | E16: =IF($A16="","",SUMIFS(Allocations!K3:K200,Allocations!$B3:$B200,$A16)) | F16: =IF($A16="","",SUMIFS(Allocations!L3:L200,Allocations!$B3:$B200,$A16)) | G16: =IF($A16="","",SUMIFS(Allocations!M3:M200,Allocations!$B3:$B200,$A16)) | H16: =IF($A16="","",SUMIFS(Allocations!N3:N200,Allocations!$B3:$B200,$A16)) | I16: =IF($A16="","",SUMIFS(Allocations!O3:O200,Allocations!$B3:$B200,$A16)) | ... M16: =IF($A16="","",SUMIFS(Allocations!S3:S200,Allocations!$B3:$B200,$A16)) | N16: =IF($A16="","",SUM(B16:M16))
A17: =IF(Projects!A15="","",Projects!A15) | B17: =IF($A17="","",SUMIFS(Allocations!H3:H200,Allocations!$B3:$B200,$A17)) | C17: =IF($A17="","",SUMIFS(Allocations!I3:I200,Allocations!$B3:$B200,$A17)) | D17: =IF($A17="","",SUMIFS(Allocations!J3:J200,Allocations!$B3:$B200,$A17)) | E17: =IF($A17="","",SUMIFS(Allocations!K3:K200,Allocations!$B3:$B200,$A17)) | F17: =IF($A17="","",SUMIFS(Allocations!L3:L200,Allocations!$B3:$B200,$A17)) | G17: =IF($A17="","",SUMIFS(Allocations!M3:M200,Allocations!$B3:$B200,$A17)) | H17: =IF($A17="","",SUMIFS(Allocations!N3:N200,Allocations!$B3:$B200,$A17)) | I17: =IF($A17="","",SUMIFS(Allocations!O3:O200,Allocations!$B3:$B200,$A17)) | ... M17: =IF($A17="","",SUMIFS(Allocations!S3:S200,Allocations!$B3:$B200,$A17)) | N17: =IF($A17="","",SUM(B17:M17))
A18: =IF(Projects!A16="","",Projects!A16) | B18: =IF($A18="","",SUMIFS(Allocations!H3:H200,Allocations!$B3:$B200,$A18)) | C18: =IF($A18="","",SUMIFS(Allocations!I3:I200,Allocations!$B3:$B200,$A18)) | D18: =IF($A18="","",SUMIFS(Allocations!J3:J200,Allocations!$B3:$B200,$A18)) | E18: =IF($A18="","",SUMIFS(Allocations!K3:K200,Allocations!$B3:$B200,$A18)) | F18: =IF($A18="","",SUMIFS(Allocations!L3:L200,Allocations!$B3:$B200,$A18)) | G18: =IF($A18="","",SUMIFS(Allocations!M3:M200,Allocations!$B3:$B200,$A18)) | H18: =IF($A18="","",SUMIFS(Allocations!N3:N200,Allocations!$B3:$B200,$A18)) | I18: =IF($A18="","",SUMIFS(Allocations!O3:O200,Allocations!$B3:$B200,$A18)) | ... M18: =IF($A18="","",SUMIFS(Allocations!S3:S200,Allocations!$B3:$B200,$A18)) | N18: =IF($A18="","",SUM(B18:M18))
A19: =IF(Projects!A17="","",Projects!A17) | B19: =IF($A19="","",SUMIFS(Allocations!H3:H200,Allocations!$B3:$B200,$A19)) | C19: =IF($A19="","",SUMIFS(Allocations!I3:I200,Allocations!$B3:$B200,$A19)) | D19: =IF($A19="","",SUMIFS(Allocations!J3:J200,Allocations!$B3:$B200,$A19)) | E19: =IF($A19="","",SUMIFS(Allocations!K3:K200,Allocations!$B3:$B200,$A19)) | F19: =IF($A19="","",SUMIFS(Allocations!L3:L200,Allocations!$B3:$B200,$A19)) | G19: =IF($A19="","",SUMIFS(Allocations!M3:M200,Allocations!$B3:$B200,$A19)) | H19: =IF($A19="","",SUMIFS(Allocations!N3:N200,Allocations!$B3:$B200,$A19)) | I19: =IF($A19="","",SUMIFS(Allocations!O3:O200,Allocations!$B3:$B200,$A19)) | ... M19: =IF($A19="","",SUMIFS(Allocations!S3:S200,Allocations!$B3:$B200,$A19)) | N19: =IF($A19="","",SUM(B19:M19))
A20: =IF(Projects!A18="","",Projects!A18) | B20: =IF($A20="","",SUMIFS(Allocations!H3:H200,Allocations!$B3:$B200,$A20)) | C20: =IF($A20="","",SUMIFS(Allocations!I3:I200,Allocations!$B3:$B200,$A20)) | D20: =IF($A20="","",SUMIFS(Allocations!J3:J200,Allocations!$B3:$B200,$A20)) | E20: =IF($A20="","",SUMIFS(Allocations!K3:K200,Allocations!$B3:$B200,$A20)) | F20: =IF($A20="","",SUMIFS(Allocations!L3:L200,Allocations!$B3:$B200,$A20)) | G20: =IF($A20="","",SUMIFS(Allocations!M3:M200,Allocations!$B3:$B200,$A20)) | H20: =IF($A20="","",SUMIFS(Allocations!N3:N200,Allocations!$B3:$B200,$A20)) | I20: =IF($A20="","",SUMIFS(Allocations!O3:O200,Allocations!$B3:$B200,$A20)) | ... M20: =IF($A20="","",SUMIFS(Allocations!S3:S200,Allocations!$B3:$B200,$A20)) | N20: =IF($A20="","",SUM(B20:M20))
A21: =IF(Projects!A19="","",Projects!A19) | B21: =IF($A21="","",SUMIFS(Allocations!H3:H200,Allocations!$B3:$B200,$A21)) | C21: =IF($A21="","",SUMIFS(Allocations!I3:I200,Allocations!$B3:$B200,$A21)) | D21: =IF($A21="","",SUMIFS(Allocations!J3:J200,Allocations!$B3:$B200,$A21)) | E21: =IF($A21="","",SUMIFS(Allocations!K3:K200,Allocations!$B3:$B200,$A21)) | F21: =IF($A21="","",SUMIFS(Allocations!L3:L200,Allocations!$B3:$B200,$A21)) | G21: =IF($A21="","",SUMIFS(Allocations!M3:M200,Allocations!$B3:$B200,$A21)) | H21: =IF($A21="","",SUMIFS(Allocations!N3:N200,Allocations!$B3:$B200,$A21)) | I21: =IF($A21="","",SUMIFS(Allocations!O3:O200,Allocations!$B3:$B200,$A21)) | ... M21: =IF($A21="","",SUMIFS(Allocations!S3:S200,Allocations!$B3:$B200,$A21)) | N21: =IF($A21="","",SUM(B21:M21))
A22: =IF(Projects!A20="","",Projects!A20) | B22: =IF($A22="","",SUMIFS(Allocations!H3:H200,Allocations!$B3:$B200,$A22)) | C22: =IF($A22="","",SUMIFS(Allocations!I3:I200,Allocations!$B3:$B200,$A22)) | D22: =IF($A22="","",SUMIFS(Allocations!J3:J200,Allocations!$B3:$B200,$A22)) | E22: =IF($A22="","",SUMIFS(Allocations!K3:K200,Allocations!$B3:$B200,$A22)) | F22: =IF($A22="","",SUMIFS(Allocations!L3:L200,Allocations!$B3:$B200,$A22)) | G22: =IF($A22="","",SUMIFS(Allocations!M3:M200,Allocations!$B3:$B200,$A22)) | H22: =IF($A22="","",SUMIFS(Allocations!N3:N200,Allocations!$B3:$B200,$A22)) | I22: =IF($A22="","",SUMIFS(Allocations!O3:O200,Allocations!$B3:$B200,$A22)) | ... M22: =IF($A22="","",SUMIFS(Allocations!S3:S200,Allocations!$B3:$B200,$A22)) | N22: =IF($A22="","",SUM(B22:M22))
A23: =IF(Projects!A21="","",Projects!A21) | B23: =IF($A23="","",SUMIFS(Allocations!H3:H200,Allocations!$B3:$B200,$A23)) | C23: =IF($A23="","",SUMIFS(Allocations!I3:I200,Allocations!$B3:$B200,$A23)) | D23: =IF($A23="","",SUMIFS(Allocations!J3:J200,Allocations!$B3:$B200,$A23)) | E23: =IF($A23="","",SUMIFS(Allocations!K3:K200,Allocations!$B3:$B200,$A23)) | F23: =IF($A23="","",SUMIFS(Allocations!L3:L200,Allocations!$B3:$B200,$A23)) | G23: =IF($A23="","",SUMIFS(Allocations!M3:M200,Allocations!$B3:$B200,$A23)) | H23: =IF($A23="","",SUMIFS(Allocations!N3:N200,Allocations!$B3:$B200,$A23)) | I23: =IF($A23="","",SUMIFS(Allocations!O3:O200,Allocations!$B3:$B200,$A23)) | ... M23: =IF($A23="","",SUMIFS(Allocations!S3:S200,Allocations!$B3:$B200,$A23)) | N23: =IF($A23="","",SUM(B23:M23))
A24: TOTAL (all projects) | B24: =SUM(B4:B23) | C24: =SUM(C4:C23) | D24: =SUM(D4:D23) | E24: =SUM(E4:E23) | F24: =SUM(F4:F23) | G24: =SUM(G4:G23) | H24: =SUM(H4:H23) | I24: =SUM(I4:I23) | ... N24: =SUM(N4:N23)
A26: Project budget (SGD) - Effort x Mandays x DevRate
A27: Project | B27: Jan | C27: Feb | D27: Mar | E27: Apr | F27: May | G27: Jun | H27: Jul | I27: Aug | J27: Sep | K27: Oct | L27: Nov | M27: Dec | N27: Total
A28: =IF(Projects!A2="","",Projects!A2) | B28: =IF($A28="","",Mandays*SUMPRODUCT((Allocations!$B$3:$B$200=$A28)*(Allocations!$H$3:$H$200)*(Allocations!$T$3:$T$200))) | C28: =IF($A28="","",Mandays*SUMPRODUCT((Allocations!$B$3:$B$200=$A28)*(Allocations!$I$3:$I$200)*(Allocations!$T$3:$T$200))) | D28: =IF($A28="","",Mandays*SUMPRODUCT((Allocations!$B$3:$B$200=$A28)*(Allocations!$J$3:$J$200)*(Allocations!$T$3:$T$200))) | E28: =IF($A28="","",Mandays*SUMPRODUCT((Allocations!$B$3:$B$200=$A28)*(Allocations!$K$3:$K$200)*(Allocations!$T$3:$T$200))) | F28: =IF($A28="","",Mandays*SUMPRODUCT((Allocations!$B$3:$B$200=$A28)*(Allocations!$L$3:$L$200)*(Allocations!$T$3:$T$200))) | G28: =IF($A28="","",Mandays*SUMPRODUCT((Allocations!$B$3:$B$200=$A28)*(Allocations!$M$3:$M$200)*(Allocations!$T$3:$T$200))) | H28: =IF($A28="","",Mandays*SUMPRODUCT((Allocations!$B$3:$B$200=$A28)*(Allocations!$N$3:$N$200)*(Allocations!$T$3:$T$200))) | I28: =IF($A28="","",Mandays*SUMPRODUCT((Allocations!$B$3:$B$200=$A28)*(Allocations!$O$3:$O$200)*(Allocations!$T$3:$T$200))) | J28: =IF($A28="","",Mandays*SUMPRODUCT((Allocations!$B$3:$B$200=$A28)*(Allocations!$P$3:$P$200)*(Allocations!$T$3:$T$200))) | K28: =IF($A28="","",Mandays*SUMPRODUCT((Allocations!$B$3:$B$200=$A28)*(Allocations!$Q$3:$Q$200)*(Allocations!$T$3:$T$200))) | L28: =IF($A28="","",Mandays*SUMPRODUCT((Allocations!$B$3:$B$200=$A28)*(Allocations!$R$3:$R$200)*(Allocations!$T$3:$T$200))) | M28: =IF($A28="","",Mandays*SUMPRODUCT((Allocations!$B$3:$B$200=$A28)*(Allocations!$S$3:$S$200)*(Allocations!$T$3:$T$200))) | N28: =IF($A28="","",SUM(B28:M28))
A29: =IF(Projects!A3="","",Projects!A3) | B29: =IF($A29="","",Mandays*SUMPRODUCT((Allocations!$B$3:$B$200=$A29)*(Allocations!$H$3:$H$200)*(Allocations!$T$3:$T$200))) | C29: =IF($A29="","",Mandays*SUMPRODUCT((Allocations!$B$3:$B$200=$A29)*(Allocations!$I$3:$I$200)*(Allocations!$T$3:$T$200))) | D29: =IF($A29="","",Mandays*SUMPRODUCT((Allocations!$B$3:$B$200=$A29)*(Allocations!$J$3:$J$200)*(Allocations!$T$3:$T$200))) | E29: =IF($A29="","",Mandays*SUMPRODUCT((Allocations!$B$3:$B$200=$A29)*(Allocations!$K$3:$K$200)*(Allocations!$T$3:$T$200))) | F29: =IF($A29="","",Mandays*SUMPRODUCT((Allocations!$B$3:$B$200=$A29)*(Allocations!$L$3:$L$200)*(Allocations!$T$3:$T$200))) | G29: =IF($A29="","",Mandays*SUMPRODUCT((Allocations!$B$3:$B$200=$A29)*(Allocations!$M$3:$M$200)*(Allocations!$T$3:$T$200))) | H29: =IF($A29="","",Mandays*SUMPRODUCT((Allocations!$B$3:$B$200=$A29)*(Allocations!$N$3:$N$200)*(Allocations!$T$3:$T$200))) | I29: =IF($A29="","",Mandays*SUMPRODUCT((Allocations!$B$3:$B$200=$A29)*(Allocations!$O$3:$O$200)*(Allocations!$T$3:$T$200))) | J29: =IF($A29="","",Mandays*SUMPRODUCT((Allocations!$B$3:$B$200=$A29)*(Allocations!$P$3:$P$200)*(Allocations!$T$3:$T$200))) | K29: =IF($A29="","",Mandays*SUMPRODUCT((Allocations!$B$3:$B$200=$A29)*(Allocations!$Q$3:$Q$200)*(Allocations!$T$3:$T$200))) | L29: =IF($A29="","",Mandays*SUMPRODUCT((Allocations!$B$3:$B$200=$A29)*(Allocations!$R$3:$R$200)*(Allocations!$T$3:$T$200))) | M29: =IF($A29="","",Mandays*SUMPRODUCT((Allocations!$B$3:$B$200=$A29)*(Allocations!$S$3:$S$200)*(Allocations!$T$3:$T$200))) | N29: =IF($A29="","",SUM(B29:M29))
A30: =IF(Projects!A4="","",Projects!A4) | B30: =IF($A30="","",Mandays*SUMPRODUCT((Allocations!$B$3:$B$200=$A30)*(Allocations!$H$3:$H$200)*(Allocations!$T$3:$T$200))) | C30: =IF($A30="","",Mandays*SUMPRODUCT((Allocations!$B$3:$B$200=$A30)*(Allocations!$I$3:$I$200)*(Allocations!$T$3:$T$200))) | D30: =IF($A30="","",Mandays*SUMPRODUCT((Allocations!$B$3:$B$200=$A30)*(Allocations!$J$3:$J$200)*(Allocations!$T$3:$T$200))) | E30: =IF($A30="","",Mandays*SUMPRODUCT((Allocations!$B$3:$B$200=$A30)*(Allocations!$K$3:$K$200)*(Allocations!$T$3:$T$200))) | F30: =IF($A30="","",Mandays*SUMPRODUCT((Allocations!$B$3:$B$200=$A30)*(Allocations!$L$3:$L$200)*(Allocations!$T$3:$T$200))) | G30: =IF($A30="","",Mandays*SUMPRODUCT((Allocations!$B$3:$B$200=$A30)*(Allocations!$M$3:$M$200)*(Allocations!$T$3:$T$200))) | H30: =IF($A30="","",Mandays*SUMPRODUCT((Allocations!$B$3:$B$200=$A30)*(Allocations!$N$3:$N$200)*(Allocations!$T$3:$T$200))) | I30: =IF($A30="","",Mandays*SUMPRODUCT((Allocations!$B$3:$B$200=$A30)*(Allocations!$O$3:$O$200)*(Allocations!$T$3:$T$200))) | J30: =IF($A30="","",Mandays*SUMPRODUCT((Allocations!$B$3:$B$200=$A30)*(Allocations!$P$3:$P$200)*(Allocations!$T$3:$T$200))) | K30: =IF($A30="","",Mandays*SUMPRODUCT((Allocations!$B$3:$B$200=$A30)*(Allocations!$Q$3:$Q$200)*(Allocations!$T$3:$T$200))) | L30: =IF($A30="","",Mandays*SUMPRODUCT((Allocations!$B$3:$B$200=$A30)*(Allocations!$R$3:$R$200)*(Allocations!$T$3:$T$200))) | M30: =IF($A30="","",Mandays*SUMPRODUCT((Allocations!$B$3:$B$200=$A30)*(Allocations!$S$3:$S$200)*(Allocations!$T$3:$T$200))) | N30: =IF($A30="","",SUM(B30:M30))
A31: =IF(Projects!A5="","",Projects!A5) | B31: =IF($A31="","",Mandays*SUMPRODUCT((Allocations!$B$3:$B$200=$A31)*(Allocations!$H$3:$H$200)*(Allocations!$T$3:$T$200))) | C31: =IF($A31="","",Mandays*SUMPRODUCT((Allocations!$B$3:$B$200=$A31)*(Allocations!$I$3:$I$200)*(Allocations!$T$3:$T$200))) | D31: =IF($A31="","",Mandays*SUMPRODUCT((Allocations!$B$3:$B$200=$A31)*(Allocations!$J$3:$J$200)*(Allocations!$T$3:$T$200))) | E31: =IF($A31="","",Mandays*SUMPRODUCT((Allocations!$B$3:$B$200=$A31)*(Allocations!$K$3:$K$200)*(Allocations!$T$3:$T$200))) | F31: =IF($A31="","",Mandays*SUMPRODUCT((Allocations!$B$3:$B$200=$A31)*(Allocations!$L$3:$L$200)*(Allocations!$T$3:$T$200))) | G31: =IF($A31="","",Mandays*SUMPRODUCT((Allocations!$B$3:$B$200=$A31)*(Allocations!$M$3:$M$200)*(Allocations!$T$3:$T$200))) | H31: =IF($A31="","",Mandays*SUMPRODUCT((Allocations!$B$3:$B$200=$A31)*(Allocations!$N$3:$N$200)*(Allocations!$T$3:$T$200))) | I31: =IF($A31="","",Mandays*SUMPRODUCT((Allocations!$B$3:$B$200=$A31)*(Allocations!$O$3:$O$200)*(Allocations!$T$3:$T$200))) | J31: =IF($A31="","",Mandays*SUMPRODUCT((Allocations!$B$3:$B$200=$A31)*(Allocations!$P$3:$P$200)*(Allocations!$T$3:$T$200))) | K31: =IF($A31="","",Mandays*SUMPRODUCT((Allocations!$B$3:$B$200=$A31)*(Allocations!$Q$3:$Q$200)*(Allocations!$T$3:$T$200))) | L31: =IF($A31="","",Mandays*SUMPRODUCT((Allocations!$B$3:$B$200=$A31)*(Allocations!$R$3:$R$200)*(Allocations!$T$3:$T$200))) | M31: =IF($A31="","",Mandays*SUMPRODUCT((Allocations!$B$3:$B$200=$A31)*(Allocations!$S$3:$S$200)*(Allocations!$T$3:$T$200))) | N31: =IF($A31="","",SUM(B31:M31))
A32: =IF(Projects!A6="","",Projects!A6) | B32: =IF($A32="","",Mandays*SUMPRODUCT((Allocations!$B$3:$B$200=$A32)*(Allocations!$H$3:$H$200)*(Allocations!$T$3:$T$200))) | C32: =IF($A32="","",Mandays*SUMPRODUCT((Allocations!$B$3:$B$200=$A32)*(Allocations!$I$3:$I$200)*(Allocations!$T$3:$T$200))) | D32: =IF($A32="","",Mandays*SUMPRODUCT((Allocations!$B$3:$B$200=$A32)*(Allocations!$J$3:$J$200)*(Allocations!$T$3:$T$200))) | E32: =IF($A32="","",Mandays*SUMPRODUCT((Allocations!$B$3:$B$200=$A32)*(Allocations!$K$3:$K$200)*(Allocations!$T$3:$T$200))) | F32: =IF($A32="","",Mandays*SUMPRODUCT((Allocations!$B$3:$B$200=$A32)*(Allocations!$L$3:$L$200)*(Allocations!$T$3:$T$200))) | G32: =IF($A32="","",Mandays*SUMPRODUCT((Allocations!$B$3:$B$200=$A32)*(Allocations!$M$3:$M$200)*(Allocations!$T$3:$T$200))) | H32: =IF($A32="","",Mandays*SUMPRODUCT((Allocations!$B$3:$B$200=$A32)*(Allocations!$N$3:$N$200)*(Allocations!$T$3:$T$200))) | I32: =IF($A32="","",Mandays*SUMPRODUCT((Allocations!$B$3:$B$200=$A32)*(Allocations!$O$3:$O$200)*(Allocations!$T$3:$T$200))) | J32: =IF($A32="","",Mandays*SUMPRODUCT((Allocations!$B$3:$B$200=$A32)*(Allocations!$P$3:$P$200)*(Allocations!$T$3:$T$200))) | K32: =IF($A32="","",Mandays*SUMPRODUCT((Allocations!$B$3:$B$200=$A32)*(Allocations!$Q$3:$Q$200)*(Allocations!$T$3:$T$200))) | L32: =IF($A32="","",Mandays*SUMPRODUCT((Allocations!$B$3:$B$200=$A32)*(Allocations!$R$3:$R$200)*(Allocations!$T$3:$T$200))) | M32: =IF($A32="","",Mandays*SUMPRODUCT((Allocations!$B$3:$B$200=$A32)*(Allocations!$S$3:$S$200)*(Allocations!$T$3:$T$200))) | N32: =IF($A32="","",SUM(B32:M32))
A33: =IF(Projects!A7="","",Projects!A7) | B33: =IF($A33="","",Mandays*SUMPRODUCT((Allocations!$B$3:$B$200=$A33)*(Allocations!$H$3:$H$200)*(Allocations!$T$3:$T$200))) | C33: =IF($A33="","",Mandays*SUMPRODUCT((Allocations!$B$3:$B$200=$A33)*(Allocations!$I$3:$I$200)*(Allocations!$T$3:$T$200))) | D33: =IF($A33="","",Mandays*SUMPRODUCT((Allocations!$B$3:$B$200=$A33)*(Allocations!$J$3:$J$200)*(Allocations!$T$3:$T$200))) | E33: =IF($A33="","",Mandays*SUMPRODUCT((Allocations!$B$3:$B$200=$A33)*(Allocations!$K$3:$K$200)*(Allocations!$T$3:$T$200))) | F33: =IF($A33="","",Mandays*SUMPRODUCT((Allocations!$B$3:$B$200=$A33)*(Allocations!$L$3:$L$200)*(Allocations!$T$3:$T$200))) | G33: =IF($A33="","",Mandays*SUMPRODUCT((Allocations!$B$3:$B$200=$A33)*(Allocations!$M$3:$M$200)*(Allocations!$T$3:$T$200))) | H33: =IF($A33="","",Mandays*SUMPRODUCT((Allocations!$B$3:$B$200=$A33)*(Allocations!$N$3:$N$200)*(Allocations!$T$3:$T$200))) | I33: =IF($A33="","",Mandays*SUMPRODUCT((Allocations!$B$3:$B$200=$A33)*(Allocations!$O$3:$O$200)*(Allocations!$T$3:$T$200))) | J33: =IF($A33="","",Mandays*SUMPRODUCT((Allocations!$B$3:$B$200=$A33)*(Allocations!$P$3:$P$200)*(Allocations!$T$3:$T$200))) | K33: =IF($A33="","",Mandays*SUMPRODUCT((Allocations!$B$3:$B$200=$A33)*(Allocations!$Q$3:$Q$200)*(Allocations!$T$3:$T$200))) | L33: =IF($A33="","",Mandays*SUMPRODUCT((Allocations!$B$3:$B$200=$A33)*(Allocations!$R$3:$R$200)*(Allocations!$T$3:$T$200))) | M33: =IF($A33="","",Mandays*SUMPRODUCT((Allocations!$B$3:$B$200=$A33)*(Allocations!$S$3:$S$200)*(Allocations!$T$3:$T$200))) | N33: =IF($A33="","",SUM(B33:M33))
A34: =IF(Projects!A8="","",Projects!A8) | B34: =IF($A34="","",Mandays*SUMPRODUCT((Allocations!$B$3:$B$200=$A34)*(Allocations!$H$3:$H$200)*(Allocations!$T$3:$T$200))) | C34: =IF($A34="","",Mandays*SUMPRODUCT((Allocations!$B$3:$B$200=$A34)*(Allocations!$I$3:$I$200)*(Allocations!$T$3:$T$200))) | D34: =IF($A34="","",Mandays*SUMPRODUCT((Allocations!$B$3:$B$200=$A34)*(Allocations!$J$3:$J$200)*(Allocations!$T$3:$T$200))) | E34: =IF($A34="","",Mandays*SUMPRODUCT((Allocations!$B$3:$B$200=$A34)*(Allocations!$K$3:$K$200)*(Allocations!$T$3:$T$200))) | F34: =IF($A34="","",Mandays*SUMPRODUCT((Allocations!$B$3:$B$200=$A34)*(Allocations!$L$3:$L$200)*(Allocations!$T$3:$T$200))) | G34: =IF($A34="","",Mandays*SUMPRODUCT((Allocations!$B$3:$B$200=$A34)*(Allocations!$M$3:$M$200)*(Allocations!$T$3:$T$200))) | H34: =IF($A34="","",Mandays*SUMPRODUCT((Allocations!$B$3:$B$200=$A34)*(Allocations!$N$3:$N$200)*(Allocations!$T$3:$T$200))) | I34: =IF($A34="","",Mandays*SUMPRODUCT((Allocations!$B$3:$B$200=$A34)*(Allocations!$O$3:$O$200)*(Allocations!$T$3:$T$200))) | J34: =IF($A34="","",Mandays*SUMPRODUCT((Allocations!$B$3:$B$200=$A34)*(Allocations!$P$3:$P$200)*(Allocations!$T$3:$T$200))) | K34: =IF($A34="","",Mandays*SUMPRODUCT((Allocations!$B$3:$B$200=$A34)*(Allocations!$Q$3:$Q$200)*(Allocations!$T$3:$T$200))) | L34: =IF($A34="","",Mandays*SUMPRODUCT((Allocations!$B$3:$B$200=$A34)*(Allocations!$R$3:$R$200)*(Allocations!$T$3:$T$200))) | M34: =IF($A34="","",Mandays*SUMPRODUCT((Allocations!$B$3:$B$200=$A34)*(Allocations!$S$3:$S$200)*(Allocations!$T$3:$T$200))) | N34: =IF($A34="","",SUM(B34:M34))
A35: =IF(Projects!A9="","",Projects!A9) | B35: =IF($A35="","",Mandays*SUMPRODUCT((Allocations!$B$3:$B$200=$A35)*(Allocations!$H$3:$H$200)*(Allocations!$T$3:$T$200))) | C35: =IF($A35="","",Mandays*SUMPRODUCT((Allocations!$B$3:$B$200=$A35)*(Allocations!$I$3:$I$200)*(Allocations!$T$3:$T$200))) | D35: =IF($A35="","",Mandays*SUMPRODUCT((Allocations!$B$3:$B$200=$A35)*(Allocations!$J$3:$J$200)*(Allocations!$T$3:$T$200))) | E35: =IF($A35="","",Mandays*SUMPRODUCT((Allocations!$B$3:$B$200=$A35)*(Allocations!$K$3:$K$200)*(Allocations!$T$3:$T$200))) | F35: =IF($A35="","",Mandays*SUMPRODUCT((Allocations!$B$3:$B$200=$A35)*(Allocations!$L$3:$L$200)*(Allocations!$T$3:$T$200))) | G35: =IF($A35="","",Mandays*SUMPRODUCT((Allocations!$B$3:$B$200=$A35)*(Allocations!$M$3:$M$200)*(Allocations!$T$3:$T$200))) | H35: =IF($A35="","",Mandays*SUMPRODUCT((Allocations!$B$3:$B$200=$A35)*(Allocations!$N$3:$N$200)*(Allocations!$T$3:$T$200))) | I35: =IF($A35="","",Mandays*SUMPRODUCT((Allocations!$B$3:$B$200=$A35)*(Allocations!$O$3:$O$200)*(Allocations!$T$3:$T$200))) | J35: =IF($A35="","",Mandays*SUMPRODUCT((Allocations!$B$3:$B$200=$A35)*(Allocations!$P$3:$P$200)*(Allocations!$T$3:$T$200))) | K35: =IF($A35="","",Mandays*SUMPRODUCT((Allocations!$B$3:$B$200=$A35)*(Allocations!$Q$3:$Q$200)*(Allocations!$T$3:$T$200))) | L35: =IF($A35="","",Mandays*SUMPRODUCT((Allocations!$B$3:$B$200=$A35)*(Allocations!$R$3:$R$200)*(Allocations!$T$3:$T$200))) | M35: =IF($A35="","",Mandays*SUMPRODUCT((Allocations!$B$3:$B$200=$A35)*(Allocations!$S$3:$S$200)*(Allocations!$T$3:$T$200))) | N35: =IF($A35="","",SUM(B35:M35))
A36: =IF(Projects!A10="","",Projects!A10) | B36: =IF($A36="","",Mandays*SUMPRODUCT((Allocations!$B$3:$B$200=$A36)*(Allocations!$H$3:$H$200)*(Allocations!$T$3:$T$200))) | C36: =IF($A36="","",Mandays*SUMPRODUCT((Allocations!$B$3:$B$200=$A36)*(Allocations!$I$3:$I$200)*(Allocations!$T$3:$T$200))) | D36: =IF($A36="","",Mandays*SUMPRODUCT((Allocations!$B$3:$B$200=$A36)*(Allocations!$J$3:$J$200)*(Allocations!$T$3:$T$200))) | E36: =IF($A36="","",Mandays*SUMPRODUCT((Allocations!$B$3:$B$200=$A36)*(Allocations!$K$3:$K$200)*(Allocations!$T$3:$T$200))) | F36: =IF($A36="","",Mandays*SUMPRODUCT((Allocations!$B$3:$B$200=$A36)*(Allocations!$L$3:$L$200)*(Allocations!$T$3:$T$200))) | G36: =IF($A36="","",Mandays*SUMPRODUCT((Allocations!$B$3:$B$200=$A36)*(Allocations!$M$3:$M$200)*(Allocations!$T$3:$T$200))) | H36: =IF($A36="","",Mandays*SUMPRODUCT((Allocations!$B$3:$B$200=$A36)*(Allocations!$N$3:$N$200)*(Allocations!$T$3:$T$200))) | I36: =IF($A36="","",Mandays*SUMPRODUCT((Allocations!$B$3:$B$200=$A36)*(Allocations!$O$3:$O$200)*(Allocations!$T$3:$T$200))) | J36: =IF($A36="","",Mandays*SUMPRODUCT((Allocations!$B$3:$B$200=$A36)*(Allocations!$P$3:$P$200)*(Allocations!$T$3:$T$200))) | K36: =IF($A36="","",Mandays*SUMPRODUCT((Allocations!$B$3:$B$200=$A36)*(Allocations!$Q$3:$Q$200)*(Allocations!$T$3:$T$200))) | L36: =IF($A36="","",Mandays*SUMPRODUCT((Allocations!$B$3:$B$200=$A36)*(Allocations!$R$3:$R$200)*(Allocations!$T$3:$T$200))) | M36: =IF($A36="","",Mandays*SUMPRODUCT((Allocations!$B$3:$B$200=$A36)*(Allocations!$S$3:$S$200)*(Allocations!$T$3:$T$200))) | N36: =IF($A36="","",SUM(B36:M36))
A37: =IF(Projects!A11="","",Projects!A11) | B37: =IF($A37="","",Mandays*SUMPRODUCT((Allocations!$B$3:$B$200=$A37)*(Allocations!$H$3:$H$200)*(Allocations!$T$3:$T$200))) | C37: =IF($A37="","",Mandays*SUMPRODUCT((Allocations!$B$3:$B$200=$A37)*(Allocations!$I$3:$I$200)*(Allocations!$T$3:$T$200))) | D37: =IF($A37="","",Mandays*SUMPRODUCT((Allocations!$B$3:$B$200=$A37)*(Allocations!$J$3:$J$200)*(Allocations!$T$3:$T$200))) | E37: =IF($A37="","",Mandays*SUMPRODUCT((Allocations!$B$3:$B$200=$A37)*(Allocations!$K$3:$K$200)*(Allocations!$T$3:$T$200))) | F37: =IF($A37="","",Mandays*SUMPRODUCT((Allocations!$B$3:$B$200=$A37)*(Allocations!$L$3:$L$200)*(Allocations!$T$3:$T$200))) | G37: =IF($A37="","",Mandays*SUMPRODUCT((Allocations!$B$3:$B$200=$A37)*(Allocations!$M$3:$M$200)*(Allocations!$T$3:$T$200))) | H37: =IF($A37="","",Mandays*SUMPRODUCT((Allocations!$B$3:$B$200=$A37)*(Allocations!$N$3:$N$200)*(Allocations!$T$3:$T$200))) | I37: =IF($A37="","",Mandays*SUMPRODUCT((Allocations!$B$3:$B$200=$A37)*(Allocations!$O$3:$O$200)*(Allocations!$T$3:$T$200))) | J37: =IF($A37="","",Mandays*SUMPRODUCT((Allocations!$B$3:$B$200=$A37)*(Allocations!$P$3:$P$200)*(Allocations!$T$3:$T$200))) | K37: =IF($A37="","",Mandays*SUMPRODUCT((Allocations!$B$3:$B$200=$A37)*(Allocations!$Q$3:$Q$200)*(Allocations!$T$3:$T$200))) | L37: =IF($A37="","",Mandays*SUMPRODUCT((Allocations!$B$3:$B$200=$A37)*(Allocations!$R$3:$R$200)*(Allocations!$T$3:$T$200))) | M37: =IF($A37="","",Mandays*SUMPRODUCT((Allocations!$B$3:$B$200=$A37)*(Allocations!$S$3:$S$200)*(Allocations!$T$3:$T$200))) | N37: =IF($A37="","",SUM(B37:M37))
A38: =IF(Projects!A12="","",Projects!A12) | B38: =IF($A38="","",Mandays*SUMPRODUCT((Allocations!$B$3:$B$200=$A38)*(Allocations!$H$3:$H$200)*(Allocations!$T$3:$T$200))) | C38: =IF($A38="","",Mandays*SUMPRODUCT((Allocations!$B$3:$B$200=$A38)*(Allocations!$I$3:$I$200)*(Allocations!$T$3:$T$200))) | D38: =IF($A38="","",Mandays*SUMPRODUCT((Allocations!$B$3:$B$200=$A38)*(Allocations!$J$3:$J$200)*(Allocations!$T$3:$T$200))) | E38: =IF($A38="","",Mandays*SUMPRODUCT((Allocations!$B$3:$B$200=$A38)*(Allocations!$K$3:$K$200)*(Allocations!$T$3:$T$200))) | F38: =IF($A38="","",Mandays*SUMPRODUCT((Allocations!$B$3:$B$200=$A38)*(Allocations!$L$3:$L$200)*(Allocations!$T$3:$T$200))) | G38: =IF($A38="","",Mandays*SUMPRODUCT((Allocations!$B$3:$B$200=$A38)*(Allocations!$M$3:$M$200)*(Allocations!$T$3:$T$200))) | H38: =IF($A38="","",Mandays*SUMPRODUCT((Allocations!$B$3:$B$200=$A38)*(Allocations!$N$3:$N$200)*(Allocations!$T$3:$T$200))) | I38: =IF($A38="","",Mandays*SUMPRODUCT((Allocations!$B$3:$B$200=$A38)*(Allocations!$O$3:$O$200)*(Allocations!$T$3:$T$200))) | J38: =IF($A38="","",Mandays*SUMPRODUCT((Allocations!$B$3:$B$200=$A38)*(Allocations!$P$3:$P$200)*(Allocations!$T$3:$T$200))) | K38: =IF($A38="","",Mandays*SUMPRODUCT((Allocations!$B$3:$B$200=$A38)*(Allocations!$Q$3:$Q$200)*(Allocations!$T$3:$T$200))) | L38: =IF($A38="","",Mandays*SUMPRODUCT((Allocations!$B$3:$B$200=$A38)*(Allocations!$R$3:$R$200)*(Allocations!$T$3:$T$200))) | M38: =IF($A38="","",Mandays*SUMPRODUCT((Allocations!$B$3:$B$200=$A38)*(Allocations!$S$3:$S$200)*(Allocations!$T$3:$T$200))) | N38: =IF($A38="","",SUM(B38:M38))
A39: =IF(Projects!A13="","",Projects!A13) | B39: =IF($A39="","",Mandays*SUMPRODUCT((Allocations!$B$3:$B$200=$A39)*(Allocations!$H$3:$H$200)*(Allocations!$T$3:$T$200))) | C39: =IF($A39="","",Mandays*SUMPRODUCT((Allocations!$B$3:$B$200=$A39)*(Allocations!$I$3:$I$200)*(Allocations!$T$3:$T$200))) | D39: =IF($A39="","",Mandays*SUMPRODUCT((Allocations!$B$3:$B$200=$A39)*(Allocations!$J$3:$J$200)*(Allocations!$T$3:$T$200))) | E39: =IF($A39="","",Mandays*SUMPRODUCT((Allocations!$B$3:$B$200=$A39)*(Allocations!$K$3:$K$200)*(Allocations!$T$3:$T$200))) | F39: =IF($A39="","",Mandays*SUMPRODUCT((Allocations!$B$3:$B$200=$A39)*(Allocations!$L$3:$L$200)*(Allocations!$T$3:$T$200))) | G39: =IF($A39="","",Mandays*SUMPRODUCT((Allocations!$B$3:$B$200=$A39)*(Allocations!$M$3:$M$200)*(Allocations!$T$3:$T$200))) | H39: =IF($A39="","",Mandays*SUMPRODUCT((Allocations!$B$3:$B$200=$A39)*(Allocations!$N$3:$N$200)*(Allocations!$T$3:$T$200))) | I39: =IF($A39="","",Mandays*SUMPRODUCT((Allocations!$B$3:$B$200=$A39)*(Allocations!$O$3:$O$200)*(Allocations!$T$3:$T$200))) | J39: =IF($A39="","",Mandays*SUMPRODUCT((Allocations!$B$3:$B$200=$A39)*(Allocations!$P$3:$P$200)*(Allocations!$T$3:$T$200))) | K39: =IF($A39="","",Mandays*SUMPRODUCT((Allocations!$B$3:$B$200=$A39)*(Allocations!$Q$3:$Q$200)*(Allocations!$T$3:$T$200))) | L39: =IF($A39="","",Mandays*SUMPRODUCT((Allocations!$B$3:$B$200=$A39)*(Allocations!$R$3:$R$200)*(Allocations!$T$3:$T$200))) | M39: =IF($A39="","",Mandays*SUMPRODUCT((Allocations!$B$3:$B$200=$A39)*(Allocations!$S$3:$S$200)*(Allocations!$T$3:$T$200))) | N39: =IF($A39="","",SUM(B39:M39))
... A47: =IF(Projects!A21="","",Projects!A21) | B47: =IF($A47="","",Mandays*SUMPRODUCT((Allocations!$B$3:$B$200=$A47)*(Allocations!$H$3:$H$200)*(Allocations!$T$3:$T$200))) | C47: =IF($A47="","",Mandays*SUMPRODUCT((Allocations!$B$3:$B$200=$A47)*(Allocations!$I$3:$I$200)*(Allocations!$T$3:$T$200))) | D47: =IF($A47="","",Mandays*SUMPRODUCT((Allocations!$B$3:$B$200=$A47)*(Allocations!$J$3:$J$200)*(Allocations!$T$3:$T$200))) | E47: =IF($A47="","",Mandays*SUMPRODUCT((Allocations!$B$3:$B$200=$A47)*(Allocations!$K$3:$K$200)*(Allocations!$T$3:$T$200))) | F47: =IF($A47="","",Mandays*SUMPRODUCT((Allocations!$B$3:$B$200=$A47)*(Allocations!$L$3:$L$200)*(Allocations!$T$3:$T$200))) | G47: =IF($A47="","",Mandays*SUMPRODUCT((Allocations!$B$3:$B$200=$A47)*(Allocations!$M$3:$M$200)*(Allocations!$T$3:$T$200))) | H47: =IF($A47="","",Mandays*SUMPRODUCT((Allocations!$B$3:$B$200=$A47)*(Allocations!$N$3:$N$200)*(Allocations!$T$3:$T$200))) | I47: =IF($A47="","",Mandays*SUMPRODUCT((Allocations!$B$3:$B$200=$A47)*(Allocations!$O$3:$O$200)*(Allocations!$T$3:$T$200))) | J47: =IF($A47="","",Mandays*SUMPRODUCT((Allocations!$B$3:$B$200=$A47)*(Allocations!$P$3:$P$200)*(Allocations!$T$3:$T$200))) | K47: =IF($A47="","",Mandays*SUMPRODUCT((Allocations!$B$3:$B$200=$A47)*(Allocations!$Q$3:$Q$200)*(Allocations!$T$3:$T$200))) | L47: =IF($A47="","",Mandays*SUMPRODUCT((Allocations!$B$3:$B$200=$A47)*(Allocations!$R$3:$R$200)*(Allocations!$T$3:$T$200))) | M47: =IF($A47="","",Mandays*SUMPRODUCT((Allocations!$B$3:$B$200=$A47)*(Allocations!$S$3:$S$200)*(Allocations!$T$3:$T$200))) | N47: =IF($A47="","",SUM(B47:M47))
A48: TOTAL (all projects) | B48: =IF($A48="","",Mandays*SUMPRODUCT((Allocations!$B$3:$B$200=$A48)*(Allocations!$H$3:$H$200)*(Allocations!$T$3:$T$200))) | C48: =IF($A48="","",Mandays*SUMPRODUCT((Allocations!$B$3:$B$200=$A48)*(Allocations!$I$3:$I$200)*(Allocations!$T$3:$T$200))) | D48: =IF($A48="","",Mandays*SUMPRODUCT((Allocations!$B$3:$B$200=$A48)*(Allocations!$J$3:$J$200)*(Allocations!$T$3:$T$200))) | E48: =IF($A48="","",Mandays*SUMPRODUCT((Allocations!$B$3:$B$200=$A48)*(Allocations!$K$3:$K$200)*(Allocations!$T$3:$T$200))) | F48: =IF($A48="","",Mandays*SUMPRODUCT((Allocations!$B$3:$B$200=$A48)*(Allocations!$L$3:$L$200)*(Allocations!$T$3:$T$200))) | G48: =IF($A48="","",Mandays*SUMPRODUCT((Allocations!$B$3:$B$200=$A48)*(Allocations!$M$3:$M$200)*(Allocations!$T$3:$T$200))) | H48: =IF($A48="","",Mandays*SUMPRODUCT((Allocations!$B$3:$B$200=$A48)*(Allocations!$N$3:$N$200)*(Allocations!$T$3:$T$200))) | I48: =IF($A48="","",Mandays*SUMPRODUCT((Allocations!$B$3:$B$200=$A48)*(Allocations!$O$3:$O$200)*(Allocations!$T$3:$T$200))) | J48: =IF($A48="","",Mandays*SUMPRODUCT((Allocations!$B$3:$B$200=$A48)*(Allocations!$P$3:$P$200)*(Allocations!$T$3:$T$200))) | K48: =IF($A48="","",Mandays*SUMPRODUCT((Allocations!$B$3:$B$200=$A48)*(Allocations!$Q$3:$Q$200)*(Allocations!$T$3:$T$200))) | L48: =IF($A48="","",Mandays*SUMPRODUCT((Allocations!$B$3:$B$200=$A48)*(Allocations!$R$3:$R$200)*(Allocations!$T$3:$T$200))) | M48: =IF($A48="","",Mandays*SUMPRODUCT((Allocations!$B$3:$B$200=$A48)*(Allocations!$S$3:$S$200)*(Allocations!$T$3:$T$200))) | N48: =IF($A48="","",SUM(B48:M48))
A49: =IF(Projects!A5="","",Projects!A5) | B49: =IF($A49="","",SUMIFS(Allocations!T3:T200,Allocations!$B3:$B200,$A49)) | C49: =IF($A49="","",SUMIFS(Allocations!U3:U200,Allocations!$B3:$B200,$A49)) | D49: =IF($A49="","",SUMIFS(Allocations!V3:V200,Allocations!$B3:$B200,$A49)) | E49: =IF($A49="","",SUMIFS(Allocations!W3:W200,Allocations!$B3:$B200,$A49)) | F49: =IF($A49="","",SUMIFS(Allocations!X3:X200,Allocations!$B3:$B200,$A49)) | G49: =IF($A49="","",SUMIFS(Allocations!Y3:Y200,Allocations!$B3:$B200,$A49)) | H49: =IF($A49="","",SUMIFS(Allocations!Z3:Z200,Allocations!$B3:$B200,$A49)) | I49: =IF($A49="","",SUMIFS(Allocations!AA3:AA200,Allocations!$B3:$B200,$A49)) | ... M49: =IF($A49="","",SUMIFS(Allocations!AE3:AE200,Allocations!$B3:$B200,$A49)) | N49: =IF($A49='','',SUM(B49:M49))
A50: =IF(Projects!A6="","",Projects!A6) | B50: =IF($A50="","",SUMIFS(Allocations!T3:T200,Allocations!$B3:$B200,$A50)) | C50: =IF($A50="","",SUMIFS(Allocations!U3:U200,Allocations!$B3:$B200,$A50)) | D50: =IF($A50="","",SUMIFS(Allocations!V3:V200,Allocations!$B3:$B200,$A50)) | E50: =IF($A50="","",SUMIFS(Allocations!W3:W200,Allocations!$B3:$B200,$A50)) | F50: =IF($A50="","",SUMIFS(Allocations!X3:X200,Allocations!$B3:$B200,$A50)) | G50: =IF($A50="","",SUMIFS(Allocations!Y3:Y200,Allocations!$B3:$B200,$A50)) | H50: =IF($A50="","",SUMIFS(Allocations!Z3:Z200,Allocations!$B3:$B200,$A50)) | I50: =IF($A50="","",SUMIFS(Allocations!AA3:AA200,Allocations!$B3:$B200,$A50)) | ... M50: =IF($A50="","",SUMIFS(Allocations!AE3:AE200,Allocations!$B3:$B200,$A50)) | N50: =IF($A50='','',SUM(B50:M50))
A51: =IF(Projects!A7="","",Projects!A7) | B51: =IF($A51="","",SUMIFS(Allocations!T3:T200,Allocations!$B3:$B200,$A51)) | C51: =IF($A51="","",SUMIFS(Allocations!U3:U200,Allocations!$B3:$B200,$A51)) | D51: =IF($A51="","",SUMIFS(Allocations!V3:V200,Allocations!$B3:$B200,$A51)) | E51: =IF($A51="","",SUMIFS(Allocations!W3:W200,Allocations!$B3:$B200,$A51)) | F51: =IF($A51="","",SUMIFS(Allocations!X3:X200,Allocations!$B3:$B200,$A51)) | G51: =IF($A51="","",SUMIFS(Allocations!Y3:Y200,Allocations!$B3:$B200,$A51)) | H51: =IF($A51="","",SUMIFS(Allocations!Z3:Z200,Allocations!$B3:$B200,$A51)) | I51: =IF($A51="","",SUMIFS(Allocations!AA3:AA200,Allocations!$B3:$B200,$A51)) | ... M51: =IF($A51="","",SUMIFS(Allocations!AE3:AE200,Allocations!$B3:$B200,$A51)) | N51: =IF($A51='','',SUM(B51:M51))
A52: =IF(Projects!A8="","",Projects!A8) | B52: =IF($A52="","",SUMIFS(Allocations!T3:T200,Allocations!$B3:$B200,$A52)) | C52: =IF($A52="","",SUMIFS(Allocations!U3:U200,Allocations!$B3:$B200,$A52)) | D52: =IF($A52="","",SUMIFS(Allocations!V3:V200,Allocations!$B3:$B200,$A52)) | E52: =IF($A52="","",SUMIFS(Allocations!W3:W200,Allocations!$B3:$B200,$A52)) | F52: =IF($A52="","",SUMIFS(Allocations!X3:X200,Allocations!$B3:$B200,$A52)) | G52: =IF($A52="","",SUMIFS(Allocations!Y3:Y200,Allocations!$B3:$B200,$A52)) | H52: =IF($A52="","",SUMIFS(Allocations!Z3:Z200,Allocations!$B3:$B200,$A52)) | I52: =IF($A52="","",SUMIFS(Allocations!AA3:AA200,Allocations!$B3:$B200,$A52)) | ... M52: =IF($A52="","",SUMIFS(Allocations!AE3:AE200,Allocations!$B3:$B200,$A52)) | N52: =IF($A52='','',SUM(B52:M52))
A53: =IF(Projects!A9="","",Projects!A9) | B53: =IF($A53="","",SUMIFS(Allocations!T3:T200,Allocations!$B3:$B200,$A53)) | C53: =IF($A53="","",SUMIFS(Allocations!U3:U200,Allocations!$B3:$B200,$A53)) | D53: =IF($A53="","",SUMIFS(Allocations!V3:V200,Allocations!$B3:$B200,$A53)) | E53: =IF($A53="","",SUMIFS(Allocations!W3:W200,Allocations!$B3:$B200,$A53)) | F53: =IF($A53="","",SUMIFS(Allocations!X3:X200,Allocations!$B3:$B200,$A53)) | G53: =IF($A53="","",SUMIFS(Allocations!Y3:Y200,Allocations!$B3:$B200,$A53)) | H53: =IF($A53="","",SUMIFS(Allocations!Z3:Z200,Allocations!$B3:$B200,$A53)) | I53: =IF($A53="","",SUMIFS(Allocations!AA3:AA200,Allocations!$B3:$B200,$A53)) | ... M53: =IF($A53="","",SUMIFS(Allocations!AE3:AE200,Allocations!$B3:$B200,$A53)) | N53: =IF($A53='','',SUM(B53:M53))
A54: =IF(Projects!A10="","",Projects!A10) | B54: =IF($A54="","",SUMIFS(Allocations!T3:T200,Allocations!$B3:$B200,$A54)) | C54: =IF($A54="","",SUMIFS(Allocations!U3:U200,Allocations!$B3:$B200,$A54)) | D54: =IF($A54="","",SUMIFS(Allocations!V3:V200,Allocations!$B3:$B200,$A54)) | E54: =IF($A54="","",SUMIFS(Allocations!W3:W200,Allocations!$B3:$B200,$A54)) | F54: =IF($A54="","",SUMIFS(Allocations!X3:X200,Allocations!$B3:$B200,$A54)) | G54: =IF($A54="","",SUMIFS(Allocations!Y3:Y200,Allocations!$B3:$B200,$A54)) | H54: =IF($A54="","",SUMIFS(Allocations!Z3:Z200,Allocations!$B3:$B200,$A54)) | I54: =IF($A54="","",SUMIFS(Allocations!AA3:AA200,Allocations!$B3:$B200,$A54)) | ... M54: =IF($A54="","",SUMIFS(Allocations!AE3:AE200,Allocations!$B3:$B200,$A54)) | N54: =IF($A54='','',SUM(B54:M54))
A55: =IF(Projects!A11="","",Projects!A11) | B55: =IF($A55="","",SUMIFS(Allocations!T3:T200,Allocations!$B3:$B200,$A55)) | C55: =IF($A55="","",SUMIFS(Allocations!U3:U200,Allocations!$B3:$B200,$A55)) | D55: =IF($A55="","",SUMIFS(Allocations!V3:V200,Allocations!$B3:$B200,$A55)) | E55: =IF($A55="","",SUMIFS(Allocations!W3:W200,Allocations!$B3:$B200,$A55)) | F55: =IF($A55="","",SUMIFS(Allocations!X3:X200,Allocations!$B3:$B200,$A55)) | G55: =IF($A55="","",SUMIFS(Allocations!Y3:Y200,Allocations!$B3:$B200,$A55)) | H55: =IF($A55="","",SUMIFS(Allocations!Z3:Z200,Allocations!$B3:$B200,$A55)) | I55: =IF($A55="","",SUMIFS(Allocations!AA3:AA200,Allocations!$B3:$B200,$A55)) | ... M55: =IF($A55="","",SUMIFS(Allocations!AE3:AE200,Allocations!$B3:$B200,$A55)) | N55: =IF($A55='','',SUM(B55:M55))
A56: =IF(Projects!A12="","",Projects!A12) | B56: =IF($A56="","",SUMIFS(Allocations!T3:T200,Allocations!$B3:$B200,$A56)) | C56: =IF($A56="","",SUMIFS(Allocations!U3:U200,Allocations!$B3:$B200,$A56)) | D56: =IF($A56="","",SUMIFS(Allocations!V3:V200,Allocations!$B3:$B200,$A56)) | E56: =IF($A56="","",SUMIFS(Allocations!W3:W200,Allocations!$B3:$B200,$A56)) | F56: =IF($A56="","",SUMIFS(Allocations!X3:X200,Allocations!$B3:$B200,$A56)) | G56: =IF($A56="","",SUMIFS(Allocations!Y3:Y200,Allocations!$B3:$B200,$A56)) | H56: =IF($A56="","",SUMIFS(Allocations!Z3:Z200,Allocations!$B3:$B200,$A56)) | I56: =IF($A56="","",SUMIFS(Allocations!AA3:AA200,Allocations!$B3:$B200,$A56)) | ... M56: =IF($A56="","",SUMIFS(Allocations!AE3:AE200,Allocations!$B3:$B200,$A56)) | N56: =IF($A56='','',SUM(B56:M56))
A57: =IF(Projects!A13="","",Projects!A13) | B57: =IF($A57="","",SUMIFS(Allocations!T3:T200,Allocations!$B3:$B200,$A57)) | C57: =IF($A57="","",SUMIFS(Allocations!U3:U200,Allocations!$B3:$B200,$A57)) | D57: =IF($A57="","",SUMIFS(Allocations!V3:V200,Allocations!$B3:$B200,$A57)) | E57: =IF($A57="","",SUMIFS(Allocations!W3:W200,Allocations!$B3:$B200,$A57)) | F57: =IF($A57="","",SUMIFS(Allocations!X3:X200,Allocations!$B3:$B200,$A57)) | G57: =IF($A57="","",SUMIFS(Allocations!Y3:Y200,Allocations!$B3:$B200,$A57)) | H57: =IF($A57="","",SUMIFS(Allocations!Z3:Z200,Allocations!$B3:$B200,$A57)) | I57: =IF($A57="","",SUMIFS(Allocations!AA3:AA200,Allocations!$B3:$B200,$A57)) | ... M57: =IF($A57="","",SUMIFS(Allocations!AE3:AE200,Allocations!$B3:$B200,$A57)) | N57: =IF($A57='','',SUM(B57:M57))
A58: =IF(Projects!A14="","",Projects!A14) | B58: =IF($A58="","",SUMIFS(Allocations!T3:T200,Allocations!$B3:$B200,$A58)) | C58: =IF($A58="","",SUMIFS(Allocations!U3:U200,Allocations!$B3:$B200,$A58)) | D58: =IF($A58="","",SUMIFS(Allocations!V3:V200,Allocations!$B3:$B200,$A58)) | E58: =IF($A58="","",SUMIFS(Allocations!W3:W200,Allocations!$B3:$B200,$A58)) | F58: =IF($A58="","",SUMIFS(Allocations!X3:X200,Allocations!$B3:$B200,$A58)) | G58: =IF($A58="","",SUMIFS(Allocations!Y3:Y200,Allocations!$B3:$B200,$A58)) | H58: =IF($A58="","",SUMIFS(Allocations!Z3:Z200,Allocations!$B3:$B200,$A58)) | I58: =IF($A58="","",SUMIFS(Allocations!AA3:AA200,Allocations!$B3:$B200,$A58)) | ... M58: =IF($A58="","",SUMIFS(Allocations!AE3:AE200,Allocations!$B3:$B200,$A58)) | N58: =IF($A58='','',SUM(B58:M58))
A59: =IF(Projects!A15="","",Projects!A15) | B59: =IF($A59="","",SUMIFS(Allocations!T3:T200,Allocations!$B3:$B200,$A59)) | C59: =IF($A59="","",SUMIFS(Allocations!U3:U200,Allocations!$B3:$B200,$A59)) | D59: =IF($A59="","",SUMIFS(Allocations!V3:V200,Allocations!$B3:$B200,$A59)) | E59: =IF($A59="","",SUMIFS(Allocations!W3:W200,Allocations!$B3:$B200,$A59)) | F59: =IF($A59="","",SUMIFS(Allocations!X3:X200,Allocations!$B3:$B200,$A59)) | G59: =IF($A59="","",SUMIFS(Allocations!Y3:Y200,Allocations!$B3:$B200,$A59)) | H59: =IF($A59="","",SUMIFS(Allocations!Z3:Z200,Allocations!$B3:$B200,$A59)) | I59: =IF($A59="","",SUMIFS(Allocations!AA3:AA200,Allocations!$B3:$B200,$A59)) | ... M59: =IF($A59="","",SUMIFS(Allocations!AE3:AE200,Allocations!$B3:$B200,$A59)) | N59: =IF($A59='','',SUM(B59:M59))
A60: =IF(Projects!A16="","",Projects!A16) | B60: =IF($A60="","",SUMIFS(Allocations!T3:T200,Allocations!$B3:$B200,$A60)) | C60: =IF($A60="","",SUMIFS(Allocations!U3:U200,Allocations!$B3:$B200,$A60)) | D60: =IF($A60="","",SUMIFS(Allocations!V3:V200,Allocations!$B3:$B200,$A60)) | E60: =IF($A60="","",SUMIFS(Allocations!W3:W200,Allocations!$B3:$B200,$A60)) | F60: =IF($A60="","",SUMIFS(Allocations!X3:X200,Allocations!$B3:$B200,$A60)) | G60: =IF($A60="","",SUMIFS(Allocations!Y3:Y200,Allocations!$B3:$B200,$A60)) | H60: =IF($A60="","",SUMIFS(Allocations!Z3:Z200,Allocations!$B3:$B200,$A60)) | I60: =IF($A60="","",SUMIFS(Allocations!AA3:AA200,Allocations!$B3:$B200,$A60)) | ... M60: =IF($A60="","",SUMIFS(Allocations!AE3:AE200,Allocations!$B3:$B200,$A60)) | N60: =IF($A60='','',SUM(B60:M60))
A61: =IF(Projects!A17="","",Projects!A17) | B61: =IF($A61="","",SUMIFS(Allocations!T3:T200,Allocations!$B3:$B200,$A61)) | C61: =IF($A61="","",SUMIFS(Allocations!U3:U200,Allocations!$B3:$B200,$A61)) | D61: =IF($A61="","",SUMIFS(Allocations!V3:V200,Allocations!$B3:$B200,$A61)) | E61: =IF($A61="","",SUMIFS(Allocations!W3:W200,Allocations!$B3:$B200,$A61)) | F61: =IF($A61="","",SUMIFS(Allocations!X3:X200,Allocations!$B3:$B200,$A61)) | G61: =IF($A61="","",SUMIFS(Allocations!Y3:Y200,Allocations!$B3:$B200,$A61)) | H61: =IF($A61="","",SUMIFS(Allocations!Z3:Z200,Allocations!$B3:$B200,$A61)) | I61: =IF($A61="","",SUMIFS(Allocations!AA3:AA200,Allocations!$B3:$B200,$A61)) | ... M61: =IF($A61="","",SUMIFS(Allocations!AE3:AE200,Allocations!$B3:$B200,$A61)) | N61: =IF($A61='','',SUM(B61:M61))
A62: =IF(Projects!A18="","",Projects!A18) | B62: =IF($A62="","",SUMIFS(Allocations!T3:T200,Allocations!$B3:$B200,$A62)) | C62: =IF($A62="","",SUMIFS(Allocations!U3:U200,Allocations!$B3:$B200,$A62)) | D62: =IF($A62="","",SUMIFS(Allocations!V3:V200,Allocations!$B3:$B200,$A62)) | E62: =IF($A62="","",SUMIFS(Allocations!W3:W200,Allocations!$B3:$B200,$A62)) | F62: =IF($A62="","",SUMIFS(Allocations!X3:X200,Allocations!$B3:$B200,$A62)) | G62: =IF($A62="","",SUMIFS(Allocations!Y3:Y200,Allocations!$B3:$B200,$A62)) | H62: =IF($A62="","",SUMIFS(Allocations!Z3:Z200,Allocations!$B3:$B200,$A62)) | I62: =IF($A62="","",SUMIFS(Allocations!AA3:AA200,Allocations!$B3:$B200,$A62)) | ... M62: =IF($A62="","",SUMIFS(Allocations!AE3:AE200,Allocations!$B3:$B200,$A62)) | N62: =IF($A62='','',SUM(B62:M62))
A63: =IF(Projects!A19="","",Projects!A19) | B63: =IF($A63="","",SUMIFS(Allocations!T3:T200,Allocations!$B3:$B200,$A63)) | C63: =IF($A63="","",SUMIFS(Allocations!U3:U200,Allocations!$B3:$B200,$A63)) | D63: =IF($A63="","",SUMIFS(Allocations!V3:V200,Allocations!$B3:$B200,$A63)) | E63: =IF($A63="","",SUMIFS(Allocations!W3:W200,Allocations!$B3:$B200,$A63)) | F63: =IF($A63="","",SUMIFS(Allocations!X3:X200,Allocations!$B3:$B200,$A63)) | G63: =IF($A63="","",SUMIFS(Allocations!Y3:Y200,Allocations!$B3:$B200,$A63)) | H63: =IF($A63="","",SUMIFS(Allocations!Z3:Z200,Allocations!$B3:$B200,$A63)) | I63: =IF($A63="","",SUMIFS(Allocations!AA3:AA200,Allocations!$B3:$B200,$A63)) | ... M63: =IF($A63="","",SUMIFS(Allocations!AE3:AE200,Allocations!$B3:$B200,$A63)) | N63: =IF($A63='','',SUM(B63:M63))
A64: =IF(Projects!A20="","",Projects!A20) | B64: =IF($A64="","",SUMIFS(Allocations!T3:T200,Allocations!$B3:$B200,$A64)) | C64: =IF($A64="","",SUMIFS(Allocations!U3:U200,Allocations!$B3:$B200,$A64)) | D64: =IF($A64="","",SUMIFS(Allocations!V3:V200,Allocations!$B3:$B200,$A64)) | E64: =IF($A64="","",SUMIFS(Allocations!W3:W200,Allocations!$B3:$B200,$A64)) | F64: =IF($A64="","",SUMIFS(Allocations!X3:X200,Allocations!$B3:$B200,$A64)) | G64: =IF($A64="","",SUMIFS(Allocations!Y3:Y200,Allocations!$B3:$B200,$A64)) | H64: =IF($A64="","",SUMIFS(Allocations!Z3:Z200,Allocations!$B3:$B200,$A64)) | I64: =IF($A64="","",SUMIFS(Allocations!AA3:AA200,Allocations!$B3:$B200,$A64)) | ... M64: =IF($A64="","",SUMIFS(Allocations!AE3:AE200,Allocations!$B3:$B200,$A64)) | N64: =IF($A64='','',SUM(B64:M64))
A65: =IF(Projects!A21="","",Projects!A21) | B65: =IF($A65="","",SUMIFS(Allocations!T3:T200,Allocations!$B3:$B200,$A65)) | C65: =IF($A65="","",SUMIFS(Allocations!U3:U200,Allocations!$B3:$B200,$A65)) | D65: =IF($A65="","",SUMIFS(Allocations!V3:V200,Allocations!$B3:$B200,$A65)) | E65: =IF($A65="","",SUMIFS(Allocations!W3:W200,Allocations!$B3:$B200,$A65)) | F65: =IF($A65="","",SUMIFS(Allocations!X3:X200,Allocations!$B3:$B200,$A65)) | G65: =IF($A65="","",SUMIFS(Allocations!Y3:Y200,Allocations!$B3:$B200,$A65)) | H65: =IF($A65="","",SUMIFS(Allocations!Z3:Z200,Allocations!$B3:$B200,$A65)) | I65: =IF($A65="","",SUMIFS(Allocations!AA3:AA200,Allocations!$B3:$B200,$A65)) | ... M65: =IF($A65="","",SUMIFS(Allocations!AE3:AE200,Allocations!$B3:$B200,$A65)) | N65: =IF($A65='','',SUM(B65:M65))
A66: TOTAL (all projects) | B66: =IF($A66="","",SUMIFS(Allocations!T3:T200,Allocations!$B3:$B200,$A66)) | C66: =IF($A66="","",SUMIFS(Allocations!U3:U200,Allocations!$B3:$B200,$A66)) | D66: =IF($A66="","",SUMIFS(Allocations!V3:V200,Allocations!$B3:$B200,$A66)) | E66: =IF($A66="","",SUMIFS(Allocations!W3:W200,Allocations!$B3:$B200,$A66)) | F66: =IF($A66="","",SUMIFS(Allocations!X3:X200,Allocations!$B3:$B200,$A66)) | G66: =IF($A66="","",SUMIFS(Allocations!Y3:Y200,Allocations!$B3:$B200,$A66)) | H66: =IF($A66="","",SUMIFS(Allocations!Z3:Z200,Allocations!$B3:$B200,$A66)) | I66: =IF($A66="","",SUMIFS(Allocations!AA3:AA200,Allocations!$B3:$B200,$A66)) | ... M66: =IF($A66="","",SUMIFS(Allocations!AE3:AE200,Allocations!$B3:$B200,$A66)) | N66: =IF($A66='','',SUM(B66:M66))
A68: Developer budget (SGD) - Utilization x Mandays x DevRate
A69: Developer | B69: Jan | C69: Feb | D69: Mar | E69: Apr | F69: May | G69: Jun | H69: Jul | I69: Aug | J69: Sep | K69: Oct | L69: Nov | M69: Dec | N69: Total
A70: =IF(Projects!A4="","",Projects!A4) | B70: =IF($A70="","",Mandays*VLOOKUP($A70,Lists!$H$3:$I$4,2,FALSE)*B70) | C70: =IF($A70="","",Mandays*VLOOKUP($A70,Lists!$H$3:$I$4,2,FALSE)*C70) | D70: =IF($A70="","",Mandays*VLOOKUP($A70,Lists!$H$3:$I$4,2,FALSE)*D70) | E70: =IF($A70="","",Mandays*VLOOKUP($A70,Lists!$H$3:$I$4,2,FALSE)*E70) | F70: =IF($A70="","",Mandays*VLOOKUP($A70,Lists!$H$3:$I$4,2,FALSE)*F70) | G70: =IF($A70="","",Mandays*VLOOKUP($A70,Lists!$H$3:$I$4,2,FALSE)*G70) | H70: =IF($A70="","",Mandays*VLOOKUP($A70,Lists!$H$3:$I$4,2,FALSE)*H70) | I70: =IF($A70="","",Mandays*VLOOKUP($A70,Lists!$H$3:$I$4,2,FALSE)*I70) | ... M70: =IF($A70="","",Mandays*VLOOKUP($A70,Lists!$H$3:$I$4,2,FALSE)*M70) | N70: =SUM(B70:M70)
A71: =IF(Projects!A5="","",Projects!A5) | B71: =IF($A71="","",Mandays*VLOOKUP($A71,Lists!$H$3:$I$4,2,FALSE)*B70) | C71: =IF($A71="","",Mandays*VLOOKUP($A71,Lists!$H$3:$I$4,2,FALSE)*C70) | D71: =IF($A71="","",Mandays*VLOOKUP($A71,Lists!$H$3:$I$4,2,FALSE)*D70) | E71: =IF($A71="","",Mandays*VLOOKUP($A71,Lists!$H$3:$I$4,2,FALSE)*E70) | F71: =IF($A71="","",Mandays*VLOOKUP($A71,Lists!$H$3:$I$4,2,FALSE)*F70) | G71: =IF($A71="","",Mandays*VLOOKUP($A71,Lists!$H$3:$I$4,2,FALSE)*G70) | H71: =IF($A71="","",Mandays*VLOOKUP($A71,Lists!$H$3:$I$4,2,FALSE)*H70) | I71: =IF($A71="","",Mandays*VLOOKUP($A71,Lists!$H$3:$I$4,2,FALSE)*I70) | ... M71: =IF($A71="","",Mandays*VLOOKUP($A71,Lists!$H$3:$I$4,2,FALSE)*M70) | N71: =SUM(B71:M71)
A72: =IF(Projects!A6="","",Projects!A6) | B72: =IF($A72="","",Mandays*VLOOKUP($A72,Lists!$H$3:$I$4,2,FALSE)*B70) | C72: =IF($A72="","",Mandays*VLOOKUP($A72,Lists!$H$3:$I$4,2,FALSE)*C70) | D72: =IF($A72="","",Mandays*VLOOKUP($A72,Lists!$H$3:$I$4,2,FALSE)*D70) | E72: =IF($A72="","",Mandays*VLOOKUP($A72,Lists!$H$3:$I$4,2,FALSE)*E70) | F72: =IF($A72="","",Mandays*VLOOKUP($A72,Lists!$H$3:$I$4,2,FALSE)*F70) | G72: =IF($A72="","",Mandays*VLOOKUP($A72,Lists!$H$3:$I$4,2,FALSE)*G70) | H72: =IF($A72="","",Mandays*VLOOKUP($A72,Lists!$H$3:$I$4,2,FALSE)*H70) | I72: =IF($A72="","",Mandays*VLOOKUP($A72,Lists!$H$3:$I$4,2,FALSE)*I70) | ... M72: =IF($A72="","",Mandays*VLOOKUP($A72,Lists!$H$3:$I$4,2,FALSE)*M70) | N72: =SUM(B72:M72)
A73: =IF(Projects!A7="","",Projects!A7) | B73: =IF($A73="","",Mandays*VLOOKUP($A73,Lists!$H$3:$I$4,2,FALSE)*B70) | C73: =IF($A73="","",Mandays*VLOOKUP($A73,Lists!$H$3:$I$4,2,FALSE)*C70) | D73: =IF($A73="","",Mandays*VLOOKUP($A73,Lists!$H$3:$I$4,2,FALSE)*D70) | E73: =IF($A73="","",Mandays*VLOOKUP($A73,Lists!$H$3:$I$4,2,FALSE)*E70) | F73: =IF($A73="","",Mandays*VLOOKUP($A73,Lists!$H$3:$I$4,2,FALSE)*F70) | G73: =IF($A73="","",Mandays*VLOOKUP($A73,Lists!$H$3:$I$4,2,FALSE)*G70) | H73: =IF($A73="","",Mandays*VLOOKUP($A73,Lists!$H$3:$I$4,2,FALSE)*H70) | I73: =IF($A73="","",Mandays*VLOOKUP($A73,Lists!$H$3:$I$4,2,FALSE)*I70) | ... M73: =IF($A73="","",Mandays*VLOOKUP($A73,Lists!$H$3:$I$4,2,FALSE)*M70) | N73: =SUM(B73:M73)
A74: =IF(Projects!A8="","",Projects!A8) | B74: =IF($A74="","",Mandays*VLOOKUP($A74,Lists!$H$3:$I$4,2,FALSE)*B70) | C74: =IF($A74="","",Mandays*VLOOKUP($A74,Lists!$H$3:$I$4,2,FALSE)*C70) | D74: =IF($A74="","",Mandays*VLOOKUP($A74,Lists!$H$3:$I$4,2,FALSE)*D70) | E74: =IF($A74="","",Mandays*VLOOKUP($A74,Lists!$H$3:$I$4,2,FALSE)*E70) | F74: =IF($A74="","",Mandays*VLOOKUP($A74,Lists!$H$3:$I$4,2,FALSE)*F70) | G74: =IF($A74="","",Mandays*VLOOKUP($A74,Lists!$H$3:$I$4,2,FALSE)*G70) | H74: =IF($A74="","",Mandays*VLOOKUP($A74,Lists!$H$3:$I$4,2,FALSE)*H70) | I74: =IF($A74="","",Mandays*VLOOKUP($A74,Lists!$H$3:$I$4,2,FALSE)*I70) | ... M74: =IF($A74="","",Mandays*VLOOKUP($A74,Lists!$H$3:$I$4,2,FALSE)*M70) | N74: =SUM(B74:M74)
A75: =IF(Projects!A9="","",Projects!A9) | B75: =IF($A75="","",Mandays*VLOOKUP($A75,Lists!$H$3:$I$4,2,FALSE)*B70) | C75: =IF($A75="","",Mandays*VLOOKUP($A75,Lists!$H$3:$I$4,2,FALSE)*C70) | D75: =IF($A75="","",Mandays*VLOOKUP($A75,Lists!$H$3:$I$4,2,FALSE)*D70) | E75: =IF($A75="","",Mandays*VLOOKUP($A75,Lists!$H$3:$I$4,2,FALSE)*E70) | F75: =IF($A75="","",Mandays*VLOOKUP($A75,Lists!$H$3:$I$4,2,FALSE)*F70) | G75: =IF($A75="","",Mandays*VLOOKUP($A75,Lists!$H$3:$I$4,2,FALSE)*G70) | H75: =IF($A75="","",Mandays*VLOOKUP($A75,Lists!$H$3:$I$4,2,FALSE)*H70) | I75: =IF($A75="","",Mandays*VLOOKUP($A75,Lists!$H$3:$I$4,2,FALSE)*I70) | ... M75: =IF($A75="","",Mandays*VLOOKUP($A75,Lists!$H$3:$I$4,2,FALSE)*M70) | N75: =SUM(B75:M75)
A76: =IF(Projects!A10="","",Projects!A10) | B76: =IF($A76="","",Mandays*VLOOKUP($A76,Lists!$H$3:$I$4,2,FALSE)*B70) | C76: =IF($A76="","",Mandays*VLOOKUP($A76,Lists!$H$3:$I$4,2,FALSE)*C70) | D76: =IF($A76="","",Mandays*VLOOKUP($A76,Lists!$H$3:$I$4,2,FALSE)*D70) | E76: =IF($A76="","",Mandays*VLOOKUP($A76,Lists!$H$3:$I$4,2,FALSE)*E70) | F76: =IF($A76="","",Mandays*VLOOKUP($A76,Lists!$H$3:$I$4,2,FALSE)*F70) | G76: =IF($A76="","",Mandays*VLOOKUP($A76,Lists!$H$3:$I$4,2,FALSE)*G70) | H76: =IF($A76="","",Mandays*VLOOKUP($A76,Lists!$H$3:$I$4,2,FALSE)*H70) | I76: =IF($A76="","",Mandays*VLOOKUP($A76,Lists!$H$3:$I$4,2,FALSE)*I70) | ... M76: =IF($A76="","",Mandays*VLOOKUP($A76,Lists!$H$3:$I$4,2,FALSE)*M70) | N76: =SUM(B76:M76)
A77: =IF(Projects!A11="","",Projects!A11) | B77: =IF($A77="","",Mandays*VLOOKUP($A77,Lists!$H$3:$I$4,2,FALSE)*B70) | C77: =IF($A77="","",Mandays*VLOOKUP($A77,Lists!$H$3:$I$4,2,FALSE)*C70) | D77: =IF($A77="","",Mandays*VLOOKUP($A77,Lists!$H$3:$I$4,2,FALSE)*D70) | E77: =IF($A77="","",Mandays*VLOOKUP($A77,Lists!$H$3:$I$4,2,FALSE)*E70) | F77: =IF($A77="","",Mandays*VLOOKUP($A77,Lists!$H$3:$I$4,2,FALSE)*F70) | G77: =IF($A77="","",Mandays*VLOOKUP($A77,Lists!$H$3:$I$4,2,FALSE)*G70) | H77: =IF($A77="","",Mandays*VLOOKUP($A77,Lists!$H$3:$I$4,2,FALSE)*H70) | I77: =IF($A77="","",Mandays*VLOOKUP($A77,Lists!$H$3:$I$4,2,FALSE)*I70) | ... M77: =IF($A77="","",Mandays*VLOOKUP($A77,Lists!$H$3:$I$4,2,FALSE)*M70) | N77: =SUM(B77:M77)
A78: =IF(Projects!A12="","",Projects!A12) | B78: =IF($A78="","",Mandays*VLOOKUP($A78,Lists!$H$3:$I$4,2,FALSE)*B70) | C78: =IF($A78="","",Mandays*VLOOKUP($A78,Lists!$H$3:$I$4,2,FALSE)*C70) | D78: =IF($A78="","",Mandays*VLOOKUP($A78,Lists!$H$3:$I$4,2,FALSE)*D70) | E78: =IF($A78="","",Mandays*VLOOKUP($A78,Lists!$H$3:$I$4,2,FALSE)*E70) | F78: =IF($A78="","",Mandays*VLOOKUP($A78,Lists!$H$3:$I$4,2,FALSE)*F70) | G78: =IF($A78="","",Mandays*VLOOKUP($A78,Lists!$H$3:$I$4,2,FALSE)*G70) | H78: =IF($A78="","",Mandays*VLOOKUP($A78,Lists!$H$3:$I$4,2,FALSE)*H70) | I78: =IF($A78="","",Mandays*VLOOKUP($A78,Lists!$H$3:$I$4,2,FALSE)*I70) | ... M78: =IF($A78="","",Mandays*VLOOKUP($A78,Lists!$H$3:$I$4,2,FALSE)*M70) | N78: =SUM(B78:M78)
A79: =IF(Projects!A13="","",Projects!A13) | B79: =IF($A79="","",Mandays*VLOOKUP($A79,Lists!$H$3:$I$4,2,FALSE)*B70) | C79: =IF($A79="","",Mandays*VLOOKUP($A79,Lists!$H$3:$I$4,2,FALSE)*C70) | D79: =IF($A79="","",Mandays*VLOOKUP($A79,Lists!$H$3:$I$4,2,FALSE)*D70) | E79: =IF($A79="","",Mandays*VLOOKUP($A79,Lists!$H$3:$I$4,2,FALSE)*E70) | F79: =IF($A79="","",Mandays*VLOOKUP($A79,Lists!$H$3:$I$4,2,FALSE)*F70) | G79: =IF($A79="","",Mandays*VLOOKUP($A79,Lists!$H$3:$I$4,2,FALSE)*G70) | H79: =IF($A79="","",Mandays*VLOOKUP($A79,Lists!$H$3:$I$4,2,FALSE)*H70) | I79: =IF($A79="","",Mandays*VLOOKUP($A79,Lists!$H$3:$I$4,2,FALSE)*I70) | ... M79: =IF($A79="","",Mandays*VLOOKUP($A79,Lists!$H$3:$I$4,2,FALSE)*M70) | N79: =SUM(B79:M79)
A80: =IF(Projects!A14="","",Projects!A14) | B80: =IF($A80="","",Mandays*VLOOKUP($A80,Lists!$H$3:$I$4,2,FALSE)*B70) | C80: =IF($A80="","",Mandays*VLOOKUP($A80,Lists!$H$3:$I$4,2,FALSE)*C70) | D80: =IF($A80="","",Mandays*VLOOKUP($A80,Lists!$H$3:$I$4,2,FALSE)*D70) | E80: =IF($A80="","",Mandays*VLOOKUP($A80,Lists!$H$3:$I$4,2,FALSE)*E70) | F80: =IF($A80="","",Mandays*VLOOKUP($A80,Lists!$H$3:$I$4,2,FALSE)*F70) | G80: =IF($A80="","",Mandays*VLOOKUP($A80,Lists!$H$3:$I$4,2,FALSE)*G70) | H80: =IF($A80="","",Mandays*VLOOKUP($A80,Lists!$H$3:$I$4,2,FALSE)*H70) | I80: =IF($A80="","",Mandays*VLOOKUP($A80,Lists!$H$3:$I$4,2,FALSE)*I70) | ... M80: =IF($A80="","",Mandays*VLOOKUP($A80,Lists!$H$3:$I$4,2,FALSE)*M70) | N80: =SUM(B80:M80)
A81: =IF(Projects!A15="","",Projects!A15) | B81: =IF($A81="","",Mandays*VLOOKUP($A81,Lists!$H$3:$I$4,2,FALSE)*B70) | C81: =IF($A81="","",Mandays*VLOOKUP($A81,Lists!$H$3:$I$4,2,FALSE)*C70) | D81: =IF($A81="","",Mandays*VLOOKUP($A81,Lists!$H$3:$I$4,2,FALSE)*D70) | E81: =IF($A81="","",Mandays*VLOOKUP($A81,Lists!$H$3:$I$4,2,FALSE)*E70) | F81: =IF($A81="","",Mandays*VLOOKUP($A81,Lists!$H$3:$I$4,2,FALSE)*F70) | G81: =IF($A81="","",Mandays*VLOOKUP($A81,Lists!$H$3:$I$4,2,FALSE)*G70) | H81: =IF($A81="","",Mandays*VLOOKUP($A81,Lists!$H$3:$I$4,2,FALSE)*H70) | I81: =IF($A81="","",Mandays*VLOOKUP($A81,Lists!$H$3:$I$4,2,FALSE)*I70) | ... M81: =IF($A81="","",Mandays*VLOOKUP($A81,Lists!$H$3:$I$4,2,FALSE)*M70) | N81: =SUM(B81:M81)
A82: =IF(Projects!A16="","",Projects!A16) | B82: =IF($A82="","",Mandays*VLOOKUP($A82,Lists!$H$3:$I$4,2,FALSE)*B70) | C82: =IF($A82="","",Mandays*VLOOKUP($A82,Lists!$H$3:$I$4,2,FALSE)*C70) | D82: =IF($A82="","",Mandays*VLOOKUP($A82,Lists!$H$3:$I$4,2,FALSE)*D70) | E82: =IF($A82="","",Mandays*VLOOKUP($A82,Lists!$H$3:$I$4,2,FALSE)*E70) | F82: =IF($A82="","",Mandays*VLOOKUP($A82,Lists!$H$3:$I$4,2,FALSE)*F70) | G82: =IF($A82="","",Mandays*VLOOKUP($A82,Lists!$H$3:$I$4,2,FALSE)*G70) | H82: =IF($A82="","",Mandays*VLOOKUP($A82,Lists!$H$3:$I$4,2,FALSE)*H70) | I82: =IF($A82="","",Mandays*VLOOKUP($A82,Lists!$H$3:$I$4,2,FALSE)*I70) | ... M82: =IF($A82="","",Mandays*VLOOKUP($A82,Lists!$H$3:$I$4,2,FALSE)*M70) | N82: =SUM(B82:M82)
A83: =IF(Projects!A17="","",Projects!A17) | B83: =IF($A83="","",Mandays*VLOOKUP($A83,Lists!$H$3:$I$4,2,FALSE)*B70) | C83: =IF($A83="","",Mandays*VLOOKUP($A83,Lists!$H$3:$I$4,2,FALSE)*C70) | D83: =IF($A83="","",Mandays*VLOOKUP($A83,Lists!$H$3:$I$4,2,FALSE)*D70) | E83: =IF($A83="","",Mandays*VLOOKUP($A83,Lists!$H$3:$I$4,2,FALSE)*E70) | F83: =IF($A83="","",Mandays*VLOOKUP($A83,Lists!$H$3:$I$4,2,FALSE)*F70) | G83: =IF($A83="","",Mandays*VLOOKUP($A83,Lists!$H$3:$I$4,2,FALSE)*G70) | H83: =IF($A83="","",Mandays*VLOOKUP($A83,Lists!$H$3:$I$4,2,FALSE)*H70) | I83: =IF($A83="","",Mandays*VLOOKUP($A83,Lists!$H$3:$I$4,2,FALSE)*I70) | ... M83: =IF($A83="","",Mandays*VLOOKUP($A83,Lists!$H$3:$I$4,2,FALSE)*M70) | N83: =SUM(B83:M83)
A84: =IF(Projects!A18="","",Projects!A18) | B84: =IF($A84="","",Mandays*VLOOKUP($A84,Lists!$H$3:$I$4,2,FALSE)*B70) | C84: =IF($A84="","",Mandays*VLOOKUP($A84,Lists!$H$3:$I$4,2,FALSE)*C70) | D84: =IF($A84="","",Mandays*VLOOKUP($A84,Lists!$H$3:$I$4,2,FALSE)*D70) | E84: =IF($A84="","",Mandays*VLOOKUP($A84,Lists!$H$3:$I$4,2,FALSE)*E70) | F84: =IF($A84="","",Mandays*VLOOKUP($A84,Lists!$H$3:$I$4,2,FALSE)*F70) | G84: =IF($A84="","",Mandays*VLOOKUP($A84,Lists!$H$3:$I$4,2,FALSE)*G70) | H84: =IF($A84="","",Mandays*VLOOKUP($A84,Lists!$H$3:$I$4,2,FALSE)*H70) | I84: =IF($A84="","",Mandays*VLOOKUP($A84,Lists!$H$3:$I$4,2,FALSE)*I70) | ... M84: =IF($A84="","",Mandays*VLOOKUP($A84,Lists!$H$3:$I$4,2,FALSE)*M70) | N84: =SUM(B84:M84)
A85: =IF(Projects!A19="","",Projects!A19) | B85: =IF($A85="","",Mandays*VLOOKUP($A85,Lists!$H$3:$I$4,2,FALSE)*B70) | C85: =IF($A85="","",Mandays*VLOOKUP($A85,Lists!$H$3:$I$4,2,FALSE)*C70) | D85: =IF($A85="","",Mandays*VLOOKUP($A85,Lists!$H$3:$I$4,2,FALSE)*D70) | E85: =IF($A85="","",Mandays*VLOOKUP($A85,Lists!$H$3:$I$4,2,FALSE)*E70) | F85: =IF($A85="","",Mandays*VLOOKUP($A85,Lists!$H$3:$I$4,2,FALSE)*F70) | G85: =IF($A85="","",Mandays*VLOOKUP($A85,Lists!$H$3:$I$4,2,FALSE)*G70) | H85: =IF($A85="","",Mandays*VLOOKUP($A85,Lists!$H$3:$I$4,2,FALSE)*H70) | I85: =IF($A85="","",Mandays*VLOOKUP($A85,Lists!$H$3:$I$4,2,FALSE)*I70) | ... M85: =IF($A85="","",Mandays*VLOOKUP($A85,Lists!$H$3:$I$4,2,FALSE)*M70) | N85: =SUM(B85:M85)
A86: =IF(Projects!A20="","",Projects!A20) | B86: =IF($A86="","",Mandays*VLOOKUP($A86,Lists!$H$3:$I$4,2,FALSE)*B70) | C86: =IF($A86="","",Mandays*VLOOKUP($A86,Lists!$H$3:$I$4,2,FALSE)*C70) | D86: =IF($A86="","",Mandays*VLOOKUP($A86,Lists!$H$3:$I$4,2,FALSE)*D70) | E86: =IF($A86="","",Mandays*VLOOKUP($A86,Lists!$H$3:$I$4,2,FALSE)*E70) | F86: =IF($A86="","",Mandays*VLOOKUP($A86,Lists!$H$3:$I$4,2,FALSE)*F70) | G86: =IF($A86="","",Mandays*VLOOKUP($A86,Lists!$H$3:$I$4,2,FALSE)*G70) | H86: =IF($A86="","",Mandays*VLOOKUP($A86,Lists!$H$3:$I$4,2,FALSE)*H70) | I86: =IF($A86="","",Mandays*VLOOKUP($A86,Lists!$H$3:$I$4,2,FALSE)*I70) | ... M86: =IF($A86="","",Mandays*VLOOKUP($A86,Lists!$H$3:$I$4,2,FALSE)*M70) | N86: =SUM(B86:M86)
A87: =IF(Projects!A21="","",Projects!A21) | B87: =IF($A87="","",Mandays*VLOOKUP($A87,Lists!$H$3:$I$4,2,FALSE)*B70) | C87: =IF($A87="","",Mandays*VLOOKUP($A87,Lists!$H$3:$I$4,2,FALSE)*C70) | D87: =IF($A87="","",Mandays*VLOOKUP($A87,Lists!$H$3:$I$4,2,FALSE)*D70) | E87: =IF($A87="","",Mandays*VLOOKUP($A87,Lists!$H$3:$I$4,2,FALSE)*E70) | F87: =IF($A87="","",Mandays*VLOOKUP($A87,Lists!$H$3:$I$4,2,FALSE)*F70) | G87: =IF($A87="","",Mandays*VLOOKUP($A87,Lists!$H$3:$I$4,2,FALSE)*G70) | H87: =IF($A87="","",Mandays*VLOOKUP($A87,Lists!$H$3:$I$4,2,FALSE)*H70) | I87: =IF($A87="","",Mandays*VLOOKUP($A87,Lists!$H$3:$I$4,2,FALSE)*I70) | ... M87: =IF($A87="","",Mandays*VLOOKUP($A87,Lists!$H$3:$I$4,2,FALSE)*M70) | N87: =SUM(B87:M87)
A88: TOTAL (all projects) | B88: =IF($A88="","",Mandays*VLOOKUP($A88,Lists!$H$3:$I$4,2,FALSE)*B70) | C88: =IF($A88="","",Mandays*VLOOKUP($A88,Lists!$H$3:$I$4,2,FALSE)*C70) | D88: =IF($A88="","",Mandays*VLOOKUP($A88,Lists!$H$3:$I$4,2,FALSE)*D70) | E88: =IF($A88="","",Mandays*VLOOKUP($A88,Lists!$H$3:$I$4,2,FALSE)*E70) | F88: =IF($A88="","",Mandays*VLOOKUP($A88,Lists!$H$3:$I$4,2,FALSE)*F70) | G88: =IF($A88="","",Mandays*VLOOKUP($A88,Lists!$H$3:$I$4,2,FALSE)*G70) | H88: =IF($A88="","",Mandays*VLOOKUP($A88,Lists!$H$3:$I$4,2,FALSE)*H70) | I88: =IF($A88="","",Mandays*VLOOKUP($A88,Lists!$H$3:$I$4,2,FALSE)*I70) | ... M88: =IF($A88="","",Mandays*VLOOKUP($A88,Lists!$H$3:$I$4,2,FALSE)*M70) | N88: =SUM(B88:M88)
A89: =IF(Projects!A5="","",Projects!A5) | B89: =IF($A89="","",Mandays*VLOOKUP($A89,Lists!$H$3:$I$4,2,FALSE)*B70) | C89: =IF($A89="","",Mandays*VLOOKUP($A89,Lists!$H$3:$I$4,2,FALSE)*C70) | D89: =IF($A89="","",Mandays*VLOOKUP($A89,Lists!$H$3:$I$4,2,FALSE)*D70) | E89: =IF($A89="","",Mandays*VLOOKUP($A89,Lists!$H$3:$I$4,2,FALSE)*E70) | F89: =IF($A89="","",Mandays*VLOOKUP($A89,Lists!$H$3:$I$4,2,FALSE)*F70) | G89: =IF($A89="","",Mandays*VLOOKUP($A89,Lists!$H$3:$I$4,2,FALSE)*G70) | H89: =IF($A89="","",Mandays*VLOOKUP($A89,Lists!$H$3:$I$4,2,FALSE)*H70) | I89: =IF($A89="","",Mandays*VLOOKUP($A89,Lists!$H$3:$I$4,2,FALSE)*I70) | ... M89: =IF($A89="","",Mandays*VLOOKUP($A89,Lists!$H$3:$I$4,2,FALSE)*M70) | N89: =SUM(B89:M89)
A90: =IF(Projects!A6="","",Projects!A6) | B90: =IF($A90="","",Mandays*VLOOKUP($A90,Lists!$H$3:$I$4,2,FALSE)*B70) | C90: =IF($A90="","",Mandays*VLOOKUP($A90,Lists!$H$3:$I$4,2,FALSE)*C70) | D90: =IF($A90="","",Mandays*VLOOKUP($A90,Lists!$H$3:$I$4,2,FALSE)*D70) | E90: =IF($A90="","",Mandays*VLOOKUP($A90,Lists!$H$3:$I$4,2,FALSE)*E70) | F90: =IF($A90="","",Mandays*VLOOKUP($A90,Lists!$H$3:$I$4,2,FALSE)*F70) | G90: =IF($A90="","",Mandays*VLOOKUP($A90,Lists!$H$3:$I$4,2,FALSE)*G70) | H90: =IF($A90="","",Mandays*VLOOKUP($A90,Lists!$H$3:$I$4,2,FALSE)*H70) | I90: =IF($A90="","",Mandays*VLOOKUP($A90,Lists!$H$3:$I$4,2,FALSE)*I70) | ... M90: =IF($A90="","",Mandays*VLOOKUP($A90,Lists!$H$3:$I$4,2,FALSE)*M70) | N90: =SUM(B90:M90)
A91: =IF(Projects!A7="","",Projects!A7) | B91: =IF($A91="","",Mandays*VLOOKUP($A91,Lists!$H$3:$I$4,2,FALSE)*B70) | C91: =IF($A91="","",Mandays*VLOOKUP($A91,Lists!$H$3:$I$4,2,FALSE)*C70) | D91: =IF($A91="","",Mandays*VLOOKUP($A91,Lists!$H$3:$I$4,2,FALSE)*D70) | E91: =IF($A91="","",Mandays*VLOOKUP($A91,Lists!$H$3:$I$4,2,FALSE)*E70) | F91: =IF($A91="","",Mandays*VLOOKUP($A91,Lists!$H$3:$I$4,2,FALSE)*F70) | G91: =IF($A91="","",Mandays*VLOOKUP($A91,Lists!$H$3:$I$4,2,FALSE)*G70) | H91: =IF($A91="","",Mandays*VLOOKUP($A91,Lists!$H$3:$I$4,2,FALSE)*H70) | I91: =IF($A91="","",Mandays*VLOOKUP($A91,Lists!$H$3:$I$4,2,FALSE)*I70) | ... M91: =IF($A91="","",Mandays*VLOOKUP($A91,Lists!$H$3:$I$4,2,FALSE)*M70) | N91: =SUM(B91:M91)
A92: =IF(Projects!A8="","",Projects!A8) | B92: =IF($A92="","",Mandays*VLOOKUP($A92,Lists!$H$3:$I$4,2,FALSE)*B70) | C92: =IF($A92="","",Mandays*VLOOKUP($A92,Lists!$H$3:$I$4,2,FALSE)*C70) | D92: =IF($A92="","",Mandays*VLOOKUP($A92,Lists!$H$3:$I$4,2,FALSE)*D70) | E92: =IF($A92="","",Mandays*VLOOKUP($A92,Lists!$H$3:$I$4,2,FALSE)*E70) | F92: =IF($A92="","",Mandays*VLOOKUP($A92,Lists!$H$3:$I$4,2,FALSE)*F70) | G92: =IF($A92="","",Mandays*VLOOKUP($A92,Lists!$H$3:$I$4,2,FALSE)*G70) | H92: =IF($A92="","",Mandays*VLOOKUP($A92,Lists!$H$3:$I$4,2,FALSE)*H70) | I92: =IF($A92="","",Mandays*VLOOKUP($A92,Lists!$H$3:$I$4,2,FALSE)*I70) | ... M92: =IF($A92="","",Mandays*VLOOKUP($A92,Lists!$H$3:$I$4,2,FALSE)*M70) | N92: =SUM(B92:M92)
A93: =IF(Projects!A9="","",Projects!A9) | B93: =IF($A93="","",Mandays*VLOOKUP($A93,Lists!$H$3:$I$4,2,FALSE)*B70) | C93: =IF($A93="","",Mandays*VLOOKUP($A93,Lists!$H$3:$I$4,2,FALSE)*C70) | D93: =IF($A93="","",Mandays*VLOOKUP($A93,Lists!$H$3:$I$4,2,FALSE)*D70) | E93: =IF($A93="","",Mandays*VLOOKUP($A93,Lists!$H$3:$I$4,2,FALSE)*E70) | F93: =IF($A93="","",Mandays*VLOOKUP($A93,Lists!$H$3:$I$4,2,FALSE)*F70) | G93: =IF($A93="","",Mandays*VLOOKUP($A93,Lists!$H$3:$I$4,2,FALSE)*G70) | H93: =IF($A93="","",Mandays*VLOOKUP($A93,Lists!$H$3:$I$4,2,FALSE)*H70) | I93: =IF($A93="","",Mandays*VLOOKUP($A93,Lists!$H$3:$I$4,2,FALSE)*I70) | ... M93: =IF($A93="","",Mandays*VLOOKUP($A93,Lists!$H$3:$I$4,2,FALSE)*M70) | N93: =SUM(B93:M93)
A94: =IF(Projects!A10="","",Projects!A10) | B94: =IF($A94="","",Mandays*VLOOKUP($A94,Lists!$H$3:$I$4,2,FALSE)*B70) | C94: =IF($A94="","",Mandays*VLOOKUP($A94,Lists!$H$3:$I$4,2,FALSE)*C70) | D94: =IF($A94="","",Mandays*VLOOKUP($A94,Lists!$H$3:$I$4,2,FALSE)*D70) | E94: =IF($A94="","",Mandays*VLOOKUP($A94,Lists!$H$3:$I$4,2,FALSE)*E70) | F94: =IF($A94="","",Mandays*VLOOKUP($A94,Lists!$H$3:$I$4,2,FALSE)*F70) | G94: =IF($A94="","",Mandays*VLOOKUP($A94,Lists!$H$3:$I$4,2,FALSE)*G70) | H94: =IF($A94="","",Mandays*VLOOKUP($A94,Lists!$H$3:$I$4,2,FALSE)*H70) | I94: =IF($A94="","",Mandays*VLOOKUP($A94,Lists!$H$3:$I$4,2,FALSE)*I70) | ... M94: =IF($A94="","",Mandays*VLOOKUP($A94,Lists!$H$3:$I$4,2,FALSE)*M70) | N94: =SUM(B94:M94)
A95: =IF(Projects!A11="","",Projects!A11) | B95: =IF($A95="","",Mandays*VLOOKUP($A95,Lists!$H$3:$I$4,2,FALSE)*B70) | C95: =IF($A95="","",Mandays*VLOOKUP($A95,Lists!$H$3:$I$4,2,FALSE)*C70) | D95: =IF($A95="","",Mandays*VLOOKUP($A95,Lists!$H$3:$I$4,2,FALSE)*D70) | E95: =IF($A95="","",Mandays*VLOOKUP($A95,Lists!$H$3:$I$4,2,FALSE)*E70) | F95: =IF($A95="","",Mandays*VLOOKUP($A95,Lists!$H$3:$I$4,2,FALSE)*F70) | G95: =IF($A95="","",Mandays*VLOOKUP($A95,Lists!$H$3:$I$4,2,FALSE)*G70) | H95: =IF($A95="","",Mandays*VLOOKUP($A95,Lists!$H$3:$I$4,2,FALSE)*H70) | I95: =IF($A95="","",Mandays*VLOOKUP($A95,Lists!$H$3:$I$4,2,FALSE)*I70) | ... M95: =IF($A95="","",Mandays*VLOOKUP($A95,Lists!$H$3:$I$4,2,FALSE)*M70) | N95: =SUM(B95:M95)
A96: =IF(Projects!A12="","",Projects!A12) | B96: =IF($A96="","",Mandays*VLOOKUP($A96,Lists!$H$3:$I$4,2,FALSE)*B70) | C96: =IF($A96="","",Mandays*VLOOKUP($A96,Lists!$H$3:$I$4,2,FALSE)*C70) | D96: =IF($A96="","",Mandays*VLOOKUP($A96,Lists!$H$3:$I$4,2,FALSE)*D70) | E96: =IF($A96="","",Mandays*VLOOKUP($A96,Lists!$H$3:$I$4,2,FALSE)*E70) | F96: =IF($A96="","",Mandays*VLOOKUP($A96,Lists!$H$3:$I$4,2,FALSE)*F70) | G96: =IF($A96="","",Mandays*VLOOKUP($A96,Lists!$H$3:$I$4,2,FALSE)*G70) | H96: =IF($A96="","",Mandays*VLOOKUP($A96,Lists!$H$3:$I$4,2,FALSE)*H70) | I96: =IF($A96="","",Mandays*VLOOKUP($A96,Lists!$H$3:$I$4,2,FALSE)*I70) | ... M96: =IF($A96="","",Mandays*VLOOKUP($A96,Lists!$H$3:$I$4,2,FALSE)*M70) | N96: =SUM(B96:M96)
A97: =IF(Projects!A13="","",Projects!A13) | B97: =IF($A97="","",Mandays*VLOOKUP($A97,Lists!$H$3:$I$4,2,FALSE)*B70) | C97: =IF($A97="","",Mandays*VLOOKUP($A97,Lists!$H$3:$I$4,2,FALSE)*C70) | D97: =IF($A97="","",Mandays*VLOOKUP($A97,Lists!$H$3:$I$4,2,FALSE)*D70) | E97: =IF($A97="","",Mandays*VLOOKUP($A97,Lists!$H$3:$I$4,2,FALSE)*E70) | F97: =IF($A97="","",Mandays*VLOOKUP($A97,Lists!$H$3:$I$4,2,FALSE)*F70) | G97: =IF($A97="","",Mandays*VLOOKUP($A97,Lists!$H$3:$I$4,2,FALSE)*G70) | H97: =IF($A97="","",Mandays*VLOOKUP($A97,Lists!$H$3:$I$4,2,FALSE)*H70) | I97: =IF($A97="","",Mandays*VLOOKUP($A97,Lists!$H$3:$I$4,2,FALSE)*I70) | ... M97: =IF($A97="","",Mandays*VLOOKUP($A97,Lists!$H$3:$I$4,2,FALSE)*M70) | N97: =SUM(B97:M97)
A98: =IF(Projects!A14="","",Projects!A14) | B98: =IF($A98="","",Mandays*VLOOKUP($A98,Lists!$H$3:$I$4,2,FALSE)*B70) | C98: =IF($A98="","",Mandays*VLOOKUP($A98,Lists!$H$3:$I$4,2,FALSE)*C70) | D98: =IF($A98="","",Mandays*VLOOKUP($A98,Lists!$H$3:$I$4,2,FALSE)*D70) | E98: =IF($A98="","",Mandays*VLOOKUP($A98,Lists!$H$3:$I$4,2,FALSE)*E70) | F98: =IF($A98="","",Mandays*VLOOKUP($A98,Lists!$H$3:$I$4,2,FALSE)*F70) | G98: =IF($A98="","",Mandays*VLOOKUP($A98,Lists!$H$3:$I$4,2,FALSE)*G70) | H98: =IF($A98="","",Mandays*VLOOKUP($A98,Lists!$H$3:$I$4,2,FALSE)*H70) | I98: =IF($A98="","",Mandays*VLOOKUP($A98,Lists!$H$3:$I$4,2,FALSE)*I70) | ... M98: =IF($A98="","",Mandays*VLOOKUP($A98,Lists!$H$3:$I$4,2,FALSE)*M70) | N98: =SUM(B98:M98)
A99: =IF(Projects!A15="","",Projects!A15) | B99: =IF($A99="","",Mandays*VLOOKUP($A99,Lists!$H$3:$I$4,2,FALSE)*B70) | C99: =IF($A99="","",Mandays*VLOOKUP($A99,Lists!$H$3:$I$4,2,FALSE)*C70) | D99: =IF($A99="","",Mandays*VLOOKUP($A99,Lists!$H$3:$I$4,2,FALSE)*D70) | E99: =IF($A99="","",Mandays*VLOOKUP($A99,Lists!$H$3:$I$4,2,FALSE)*E70) | F99: =IF($A99="","",Mandays*VLOOKUP($A99,Lists!$H$3:$I$4,2,FALSE)*F70) | G99: =IF($A99="","",Mandays*VLOOKUP($A99,Lists!$H$3:$I$4,2,FALSE)*G70) | H99: =IF($A99="","",Mandays*VLOOKUP($A99,Lists!$H$3:$I$4,2,FALSE)*H70) | I99: =IF($A99="","",Mandays*VLOOKUP($A99,Lists!$H$3:$I$4,2,FALSE)*I70) | ... M99: =IF($A99="","",Mandays*VLOOKUP($A99,Lists!$H$3:$I$4,2,FALSE)*M70) | N99: =SUM(B99:M99)
A100: =IF(Projects!A16="","",Projects!A16) | B100: =IF($A100="","",Mandays*VLOOKUP($A100,Lists!$H$3:$I$4,2,FALSE)*B70) | C100: =IF($A100="","",Mandays*VLOOKUP($A100,Lists!$H$3:$I$4,2,FALSE)*C70) | D100: =IF($A100="","",Mandays*VLOOKUP($A100,Lists!$H$3:$I$4,2,FALSE)*D70) | E100: =IF($A100="","",Mandays*VLOOKUP($A100,Lists!$H$3:$I$4,2,FALSE)*E70) | F100: =IF($A100="","",Mandays*VLOOKUP($A100,Lists!$H$3:$I$4,2,FALSE)*F70) | G100: =IF($A100="","",Mandays*VLOOKUP($A100,Lists!$H$3:$I$4,2,FALSE)*G70) | H100: =IF($A100="","",Mandays*VLOOKUP($A100,Lists!$H$3:$I$4,2,FALSE)*H70) | I100: =IF($A100="","",Mandays*VLOOKUP($A100,Lists!$H$3:$I$4,2,FALSE)*I70) | ... M100: =IF($A100="","",Mandays*VLOOKUP($A100,Lists!$H$3:$I$4,2,FALSE)*M70) | N100: =SUM(B100:M100)
A101: =IF(Projects!A17="","",Projects!A17) | B101: =IF($A101="","",Mandays*VLOOKUP($A101,Lists!$H$3:$I$4,2,FALSE)*B70) | C101: =IF($A101="","",Mandays*VLOOKUP($A101,Lists!$H$3:$I$4,2,FALSE)*C70) | D101: =IF($A101="","",Mandays*VLOOKUP($A101,Lists!$H$3:$I$4,2,FALSE)*D70) | E101: =IF($A101="","",Mandays*VLOOKUP($A101,Lists!$H$3:$I$4,2,FALSE)*E70) | F101: =IF($A101="","",Mandays*VLOOKUP($A101,Lists!$H$3:$I$4,2,FALSE)*F70) | G101: =IF($A101="","",Mandays*VLOOKUP($A101,Lists!$H$3:$I$4,2,FALSE)*G70) | H101: =IF($A101="","",Mandays*VLOOKUP($A101,Lists!$H$3:$I$4,2,FALSE)*H70) | I101: =IF($A101="","",Mandays*VLOOKUP($A101,Lists!$H$3:$I$4,2,FALSE)*I70) | ... M101: =IF($A101="","",Mandays*VLOOKUP($A101,Lists!$H$3:$I$4,2,FALSE)*M70) | N101: =SUM(B101:M101)
A102: =IF(Projects!A18="","",Projects!A18) | B102: =IF($A102="","",Mandays*VLOOKUP($A102,Lists!$H$3:$I$4,2,FALSE)*B70) | C102: =IF($A102="","",Mandays*VLOOKUP($A102,Lists!$H$3:$I$4,2,FALSE)*C70) | D102: =IF($A102="","",Mandays*VLOOKUP($A102,Lists!$H$3:$I$4,2,FALSE)*D70) | E102: =IF($A102="","",Mandays*VLOOKUP($A102,Lists!$H$3:$I$4,2,FALSE)*E70) | F102: =IF($A102="","",Mandays*VLOOKUP($A102,Lists!$H$3:$I$4,2,FALSE)*F70) | G102: =IF($A102="","",Mandays*VLOOKUP($A102,Lists!$H$3:$I$4,2,FALSE)*G70) | H102: =IF($A102="","",Mandays*VLOOKUP($A102,Lists!$H$3:$I$4,2,FALSE)*H70) | I102: =IF($A102="","",Mandays*VLOOKUP($A102,Lists!$H$3:$I$4,2,FALSE)*I70) | ... M102: =IF($A102="","",Mandays*VLOOKUP($A102,Lists!$H$3:$I$4,2,FALSE)*M70) | N102: =SUM(B102:M102)
A103: =IF(Projects!A19="","",Projects!A19) | B103: =IF($A103="","",Mandays*VLOOKUP($A103,Lists!$H$3:$I$4,2,FALSE)*B70) | C103: =IF($A103="","",Mandays*VLOOKUP($A103,Lists!$H$3:$I$4,2,FALSE)*C70) | D103: =IF($A103="","",Mandays*VLOOKUP($A103,Lists!$H$3:$I$4,2,FALSE)*D70) | E103: =IF($A103="","",Mandays*VLOOKUP($A103,Lists!$H$3:$I$4,2,FALSE)*E70) | F103: =IF($A103="","",Mandays*VLOOKUP($A103,Lists!$H$3:$I$4,2,FALSE)*F70) | G103: =IF($A103="","",Mandays*VLOOKUP($A103,Lists!$H$3:$I$4,2,FALSE)*G70) | H103: =IF($A103="","",Mandays*VLOOKUP($A103,Lists!$H$3:$I$4,2,FALSE)*H70) | I103: =IF($A103="","",Mandays*VLOOKUP($A103,Lists!$H$3:$I$4,2,FALSE)*I70) | ... M103: =IF($A103="","",Mandays*VLOOKUP($A103,Lists!$H$3:$I$4,2,FALSE)*M70) | N103: =SUM(B103:M103)
A104: =IF(Projects!A20="","",Projects!A20) | B104: =IF($A104="","",Mandays*VLOOKUP($A104,Lists!$H$3:$I$4,2,FALSE)*B70) | C104: =IF($A104="","",Mandays*VLOOKUP($A104,Lists!$H$3:$I$4,2,FALSE)*C70) | D104: =IF($A104="","",Mandays*VLOOKUP($A104,Lists!$H$3:$I$4,2,FALSE)*D70) | E104: =IF($A104="","",Mandays*VLOOKUP($A104,Lists!$H$3:$I$4,2,FALSE)*E70) | F104: =IF($A104="","",Mandays*VLOOKUP($A104,Lists!$H$3:$I$4,2,FALSE)*F70) | G104: =IF($A104="","",Mandays*VLOOKUP($A104,Lists!$H$3:$I$4,2,FALSE)*G70) | H104: =IF($A104="","",Mandays*VLOOKUP($A104,Lists!$H$3:$I$4,2,FALSE)*H70) | I104: =IF($A104="","",Mandays*VLOOKUP($A104,Lists!$H$3:$I$4,2,FALSE)*I70) | ... M104: =IF($A104="","",Mandays*VLOOKUP($A104,Lists!$H$3:$I$4,2,FALSE)*M70) | N104: =SUM(B104:M104)
A105: =IF(Projects!A21="","",Projects!A21) | B105: =IF($A105="","",Mandays*VLOOKUP($A105,Lists!$H$3:$I$4,2,FALSE)*B70) | C105: =IF($A105="","",Mandays*VLOOKUP($A105,Lists!$H$3:$I$4,2,FALSE)*C70) | D105: =IF($A105="","",Mandays*VLOOKUP($A105,Lists!$H$3:$I$4,2,FALSE)*D70) | E105: =IF($A105="","",Mandays*VLOOKUP($A105,Lists!$H$3:$I$4,2,FALSE)*E70) | F105: =IF($A105="","",Mandays*VLOOKUP($A105,Lists!$H$3:$I$4,2,FALSE)*F70) | G105: =IF($A105="","",Mandays*VLOOKUP($A105,Lists!$H$3:$I$4,2,FALSE)*G70) | H105: =IF($A105="","",Mandays*VLOOKUP($A105,Lists!$H$3:$I$4,2,FALSE)*H70) | I105: =IF($A105="","",Mandays*VLOOKUP($A105,Lists!$H$3:$I$4,2,FALSE)*I70) | ... M105: =IF($A105="","",Mandays*VLOOKUP($A105,Lists!$H$3:$I$4,2,FALSE)*M70) | N105: =SUM(B105:M105)
A106: TOTAL (all projects) | B106: =IF($A106="","",Mandays*VLOOKUP($A106,Lists!$H$3:$I$4,2,FALSE)*B70) | C106: =IF($A106="","",Mandays*VLOOKUP($A106,Lists!$H$3:$I$4,2,FALSE)*C70) | D106: =IF($A106="","",Mandays*VLOOKUP($A106,Lists!$H$3:$I$4,2,FALSE)*D70) | E106: =IF($A106="","",Mandays*VLOOKUP($A106,Lists!$H$3:$I$4,2,FALSE)*E70) | F106: =IF($A106="","",Mandays*VLOOKUP($A106,Lists!$H$3:$I$4,2,FALSE)*F70) | G106: =IF($A106="","",Mandays*VLOOKUP($A106,Lists!$H$3:$I$4,2,FALSE)*G70) | H106: =IF($A106="","",Mandays*VLOOKUP($A106,Lists!$H$3:$I$4,2,FALSE)*H70) | I106: =IF($A106="","",Mandays*VLOOKUP($A106,Lists!$H$3:$I$4,2,FALSE)*I70) | ... M106: =IF($A106="","",Mandays*VLOOKUP($A106,Lists!$H$3:$I$4,2,FALSE)*M70) | N106: =SUM(B106:M106)
